-- phpMyAdmin SQL Dump
-- version 3.4.5
-- http://www.phpmyadmin.net
--
-- Host: localhost
-- Generation Time: Aug 24, 2017 at 07:42 AM
-- Server version: 5.5.16
-- PHP Version: 5.3.8

SET SQL_MODE="NO_AUTO_VALUE_ON_ZERO";
SET time_zone = "+00:00";


/*!40101 SET @OLD_CHARACTER_SET_CLIENT=@@CHARACTER_SET_CLIENT */;
/*!40101 SET @OLD_CHARACTER_SET_RESULTS=@@CHARACTER_SET_RESULTS */;
/*!40101 SET @OLD_COLLATION_CONNECTION=@@COLLATION_CONNECTION */;
/*!40101 SET NAMES utf8 */;

--
-- Database: `my_c_db`
--

-- --------------------------------------------------------

--
-- Table structure for table `bill_number`
--

CREATE TABLE IF NOT EXISTS `bill_number` (
  `bill_id` int(10) NOT NULL AUTO_INCREMENT,
  `bill_perant_id` int(10) NOT NULL,
  `bill_number` varchar(255) NOT NULL,
  `admin_id` int(15) NOT NULL,
  `create_date` timestamp NOT NULL DEFAULT CURRENT_TIMESTAMP,
  PRIMARY KEY (`bill_id`)
) ENGINE=InnoDB  DEFAULT CHARSET=latin1 AUTO_INCREMENT=2 ;

--
-- Dumping data for table `bill_number`
--

INSERT INTO `bill_number` (`bill_id`, `bill_perant_id`, `bill_number`, `admin_id`, `create_date`) VALUES
(1, 33, '7', 1, '2017-08-08 10:01:31');

-- --------------------------------------------------------

--
-- Table structure for table `brand`
--

CREATE TABLE IF NOT EXISTS `brand` (
  `brand_id` int(11) NOT NULL AUTO_INCREMENT,
  `brand_name` varchar(255) NOT NULL,
  `brand_image` varchar(255) NOT NULL,
  `brand_meta_title` varchar(500) NOT NULL,
  `brand_meta_desc` varchar(500) NOT NULL,
  `brand_meta_keywords` varchar(500) NOT NULL,
  `brand_display_order` int(11) NOT NULL DEFAULT '0',
  `brand_is_active` char(3) NOT NULL DEFAULT 'yes',
  `create_date` timestamp NOT NULL DEFAULT CURRENT_TIMESTAMP,
  PRIMARY KEY (`brand_id`)
) ENGINE=InnoDB  DEFAULT CHARSET=latin1 AUTO_INCREMENT=5 ;

--
-- Dumping data for table `brand`
--

INSERT INTO `brand` (`brand_id`, `brand_name`, `brand_image`, `brand_meta_title`, `brand_meta_desc`, `brand_meta_keywords`, `brand_display_order`, `brand_is_active`, `create_date`) VALUES
(4, 'New Brand', '4.jpg', '', '', '', 0, 'yes', '2017-08-18 06:51:05');

-- --------------------------------------------------------

--
-- Table structure for table `category`
--

CREATE TABLE IF NOT EXISTS `category` (
  `category_id` int(11) NOT NULL AUTO_INCREMENT,
  `department_id` int(20) NOT NULL,
  `parent_id` int(20) NOT NULL DEFAULT '28',
  `category_name` varchar(255) NOT NULL,
  `category_description` text NOT NULL,
  `category_image` varchar(255) NOT NULL,
  `category_is_active` char(3) NOT NULL DEFAULT 'yes',
  `create_date` timestamp NOT NULL DEFAULT CURRENT_TIMESTAMP,
  PRIMARY KEY (`category_id`)
) ENGINE=InnoDB  DEFAULT CHARSET=latin1 AUTO_INCREMENT=56 ;

--
-- Dumping data for table `category`
--

INSERT INTO `category` (`category_id`, `department_id`, `parent_id`, `category_name`, `category_description`, `category_image`, `category_is_active`, `create_date`) VALUES
(28, 1, 0, 'Restaurant', 'Restaurant', '28.jpg', 'yes', '2016-08-02 05:06:46'),
(37, 1, 28, 'Kaju Khajana', '<p>Kaju Kajana </p>', '37.jpg', 'yes', '2016-10-07 07:03:31'),
(38, 0, 28, 'Punjabi', '<p>Punjabi</p>', '38.jpg', 'yes', '2016-12-21 00:08:54'),
(39, 0, 28, 'Lassi', '<p>Lassi</p>', '39.jpg', 'yes', '2016-12-21 00:09:55'),
(40, 0, 28, 'Cold Drinks', '<p>Cold Drinks</p>', '40.jpg', 'yes', '2016-12-21 00:11:03'),
(41, 0, 28, 'Vegetarian', '<p>vegetarian</p>', '41.jpg', 'yes', '2016-12-21 00:13:11'),
(42, 0, 28, 'Dal Fry', '<p>Dal Fry</p>', '42.jpg', 'yes', '2016-12-21 00:14:39'),
(43, 0, 28, 'Tandoor Roti', '<p>Tandoor Roti</p>', '43.jpg', 'yes', '2016-12-21 00:15:55'),
(44, 0, 28, 'Kofta', '<p>Kofta</p>', '44.jpg', 'yes', '2016-12-21 00:16:52'),
(45, 0, 28, 'Biryani', '<p>Biryani</p>', '45.jpg', 'yes', '2016-12-21 00:18:04'),
(46, 0, 28, 'Chinese Soup', '', '46.jpg', 'yes', '2016-12-21 00:19:57'),
(48, 0, 28, 'Noodles', '<p>Noodles</p>', '48.jpg', 'yes', '2016-12-21 00:22:43'),
(49, 0, 28, 'Rice', '<p>Rice</p>', '49.jpg', 'yes', '2016-12-21 00:37:13'),
(50, 0, 28, 'South Indian', '<p>South Indian</p>', '50.jpg', 'yes', '2016-12-21 00:39:50'),
(51, 0, 28, 'Pav Bhaji', '<p>Pav Bhaji</p>', '51.jpg', 'yes', '2016-12-21 00:42:21'),
(52, 0, 28, 'Startar', '<p>Starter</p>', '52.jpg', 'yes', '2016-12-24 01:29:18'),
(53, 0, 28, 'sizalar', '<p>sizalar</p>', '53.jpg', 'yes', '2017-07-08 13:00:36'),
(54, 0, 28, 'Papad', '<p>..</p>', '54.jpg', 'yes', '2017-07-10 05:11:22'),
(55, 0, 28, 'Salad', '<p>..</p>', '55.jpeg', 'yes', '2017-07-10 05:13:38');

-- --------------------------------------------------------

--
-- Table structure for table `company`
--

CREATE TABLE IF NOT EXISTS `company` (
  `company_id` int(12) NOT NULL AUTO_INCREMENT,
  `company_name` varchar(255) NOT NULL,
  `company_city` varchar(255) NOT NULL,
  `company_address` varchar(255) NOT NULL,
  `company_image` varchar(255) NOT NULL,
  `company_vat_no` varchar(255) NOT NULL,
  `company_cst_no` varchar(255) NOT NULL,
  `company_gst_no` varchar(255) NOT NULL,
  `recipe_print` varchar(3) NOT NULL,
  `currency` varchar(255) NOT NULL,
  `currency_symbol` varchar(255) NOT NULL,
  `sales_tax1` int(50) NOT NULL,
  `sales_tax2` int(50) NOT NULL,
  `sales_tax3` int(15) NOT NULL,
  `total_table` int(10) NOT NULL,
  `total_parcel` int(10) NOT NULL,
  `sms` enum('yes','no') NOT NULL,
  `sms_api` text NOT NULL,
  `company_terms` text NOT NULL,
  `backup_time` varchar(255) NOT NULL,
  `company_is_active` varchar(3) NOT NULL DEFAULT 'yes',
  `create_date` timestamp NOT NULL DEFAULT CURRENT_TIMESTAMP,
  `company_phone` varchar(15) NOT NULL,
  PRIMARY KEY (`company_id`)
) ENGINE=InnoDB  DEFAULT CHARSET=latin1 AUTO_INCREMENT=2 ;

--
-- Dumping data for table `company`
--

INSERT INTO `company` (`company_id`, `company_name`, `company_city`, `company_address`, `company_image`, `company_vat_no`, `company_cst_no`, `company_gst_no`, `recipe_print`, `currency`, `currency_symbol`, `sales_tax1`, `sales_tax2`, `sales_tax3`, `total_table`, `total_parcel`, `sms`, `sms_api`, `company_terms`, `backup_time`, `company_is_active`, `create_date`, `company_phone`) VALUES
(1, 'Rudleo Web Development', '', '', '1.jpg', '451412141g', '', '', 'yes', '', '', 5, 0, 0, 15, 3, 'yes', 'http://sms.rudleobulksms.in/api/sendsms.php?user=rudleo&apikey=UEOEc5yNleYw8bDWJ9S6&mobile=xxxx&message=yyyy&senderid=RUDLEO&type=txt', 'term one , term two , term three ', '', '', '2017-08-09 07:59:17', '');

-- --------------------------------------------------------

--
-- Table structure for table `component`
--

CREATE TABLE IF NOT EXISTS `component` (
  `component_id` int(11) NOT NULL AUTO_INCREMENT,
  `component_name` varchar(250) NOT NULL,
  PRIMARY KEY (`component_id`)
) ENGINE=InnoDB  DEFAULT CHARSET=latin1 AUTO_INCREMENT=9 ;

--
-- Dumping data for table `component`
--

INSERT INTO `component` (`component_id`, `component_name`) VALUES
(1, 'customer'),
(2, 'category'),
(3, 'product_option'),
(4, 'product'),
(5, 'sales'),
(6, 'order-view'),
(7, 'setup'),
(8, 'report');

-- --------------------------------------------------------

--
-- Table structure for table `customer`
--

CREATE TABLE IF NOT EXISTS `customer` (
  `customer_id` int(11) NOT NULL AUTO_INCREMENT,
  `customer_first_name` varchar(100) DEFAULT NULL,
  `customer_email` varchar(100) DEFAULT NULL,
  `customer_address` varchar(500) DEFAULT NULL,
  `customer_city` varchar(100) DEFAULT NULL,
  `customer_zipcode` char(10) DEFAULT NULL,
  `customer_phone` char(255) DEFAULT NULL,
  `customer_is_active` char(3) DEFAULT 'yes',
  `contact_person` varchar(250) NOT NULL,
  `contact_person_phone` varchar(250) NOT NULL,
  `create_date` timestamp NULL DEFAULT CURRENT_TIMESTAMP,
  PRIMARY KEY (`customer_id`)
) ENGINE=InnoDB  DEFAULT CHARSET=latin1 AUTO_INCREMENT=5 ;

--
-- Dumping data for table `customer`
--

INSERT INTO `customer` (`customer_id`, `customer_first_name`, `customer_email`, `customer_address`, `customer_city`, `customer_zipcode`, `customer_phone`, `customer_is_active`, `contact_person`, `contact_person_phone`, `create_date`) VALUES
(3, 'mehul Patel', 'mehul@gmail.com', 'Kaner', 'Dhari Gir', '365630', '9601261768', 'yes', 'mehul', '9601261768', '2017-08-05 07:12:50'),
(4, 'bhavin', 'bhavin@gmail.com', 'rajkot', 'rajkot', '360001', '1234567890', 'yes', 'bhavin', '1234567890', '2017-08-08 11:05:53');

-- --------------------------------------------------------

--
-- Table structure for table `options`
--

CREATE TABLE IF NOT EXISTS `options` (
  `option_id` mediumint(9) NOT NULL AUTO_INCREMENT,
  `category_id` int(20) NOT NULL DEFAULT '28',
  `parent_id` mediumint(9) NOT NULL DEFAULT '0',
  `option_name` varchar(50) NOT NULL,
  `option_display_order` mediumint(9) NOT NULL DEFAULT '0',
  `option_is_active` char(3) NOT NULL DEFAULT 'yes',
  `create_date` timestamp NOT NULL DEFAULT CURRENT_TIMESTAMP ON UPDATE CURRENT_TIMESTAMP,
  PRIMARY KEY (`option_id`)
) ENGINE=InnoDB  DEFAULT CHARSET=latin1 AUTO_INCREMENT=9 ;

--
-- Dumping data for table `options`
--

INSERT INTO `options` (`option_id`, `category_id`, `parent_id`, `option_name`, `option_display_order`, `option_is_active`, `create_date`) VALUES
(1, 0, 0, 'Piece', 0, 'yes', '2016-12-22 00:10:31'),
(2, 0, 0, 'GM', 0, 'yes', '2016-12-21 19:38:28'),
(3, 28, 2, '250 GM', 0, 'yes', '2016-12-21 19:38:44'),
(4, 28, 2, '500 GM', 0, 'yes', '2016-12-21 19:38:57'),
(5, 28, 2, '1 KG', 0, 'yes', '2017-08-06 07:16:38'),
(6, 28, 1, 'Piece', 0, 'yes', '2017-08-05 12:13:04'),
(7, 28, 0, 'Litter', 0, 'yes', '2017-08-06 07:15:51'),
(8, 28, 7, '1LT', 0, 'no', '2017-08-10 11:16:41');

-- --------------------------------------------------------

--
-- Table structure for table `product`
--

CREATE TABLE IF NOT EXISTS `product` (
  `product_id` int(11) NOT NULL AUTO_INCREMENT,
  `admin_id` int(20) NOT NULL,
  `category_id` int(10) NOT NULL DEFAULT '28',
  `sub_category_id` int(10) DEFAULT '0',
  `total_stock` varchar(255) NOT NULL,
  `product_name` varchar(255) NOT NULL,
  `product_serial_no` varchar(500) DEFAULT NULL,
  `product_description` text NOT NULL,
  `product_actual_price` float DEFAULT NULL,
  `product_margin` int(3) NOT NULL,
  `product_discount` float DEFAULT '0',
  `product_stock` int(11) DEFAULT '0',
  `product_image_1` varchar(255) NOT NULL,
  `product_is_active` char(3) NOT NULL DEFAULT 'yes',
  `entry_date` date NOT NULL,
  `create_date` timestamp NOT NULL DEFAULT CURRENT_TIMESTAMP,
  PRIMARY KEY (`product_id`)
) ENGINE=InnoDB  DEFAULT CHARSET=latin1 AUTO_INCREMENT=170 ;

--
-- Dumping data for table `product`
--

INSERT INTO `product` (`product_id`, `admin_id`, `category_id`, `sub_category_id`, `total_stock`, `product_name`, `product_serial_no`, `product_description`, `product_actual_price`, `product_margin`, `product_discount`, `product_stock`, `product_image_1`, `product_is_active`, `entry_date`, `create_date`) VALUES
(1, 1, 28, 37, '', 'Kaju Masala', '1', 'Kaju Masala', 90, 0, 0, 960, '1_image_1.png', 'yes', '2016-12-21', '2016-12-20 23:57:10'),
(2, 1, 28, 37, '', 'Butter Kaju Masala', '2', 'Butter Kaju Masala', 100, 0, 0, 1010, '2_image_1.png', 'yes', '2016-12-21', '2016-12-21 00:00:20'),
(3, 1, 28, 38, '', 'Paneer Tikka Masala', '8', 'Paneer Tika Masala', 90, 0, 0, 810, '3_image_1.jpg', 'yes', '2016-12-21', '2016-12-21 00:46:42'),
(4, 1, 28, 38, '', 'Paneer Bhurji', '9', 'Paneer Bhurji', 100, 0, 0, 870, '4_image_1.jpg', 'yes', '2016-12-21', '2016-12-21 00:48:55'),
(5, 1, 28, 39, '', 'Butter Milk', '28', 'Butter Milk', 10, 0, 0, 10, '5_image_1.jpg', 'yes', '2016-12-21', '2016-12-21 00:50:26'),
(6, 1, 28, 39, '', 'Sweet Lassi', '29', 'Sweet Lassi', 20, 0, 0, 25, '6_image_1.jpg', 'yes', '2016-12-21', '2016-12-21 00:51:53'),
(7, 1, 28, 40, '', 'Maza', '42', 'Maza Cold Drinks', 15, 0, 0, 25, '7_image_1.png', 'yes', '2016-12-21', '2016-12-21 00:53:58'),
(8, 1, 28, 40, '', 'Sprite', '43', 'Sprite Cold Drinks', 15, 0, 0, 25, '8_image_1.jpg', 'yes', '2016-12-21', '2016-12-21 00:55:03'),
(9, 1, 28, 41, '', 'Veg.Kolhapuri', '51', 'veg.kolhapuri', 70, 0, 0, 750, '9_image_1.jpg', 'yes', '2016-12-21', '2016-12-21 00:57:35'),
(10, 1, 28, 41, '', 'veg. Tufani', '52', 'veg. Tufani', 80, 0, 0, 810, '10_image_1.jpg', 'yes', '2016-12-21', '2016-12-21 01:02:08'),
(11, 1, 28, 42, '', 'Dal Fry', '48', 'Dal Fry', 60, 0, 0, 540, '11_image_1.jpg', 'yes', '2016-12-21', '2016-12-21 01:07:23'),
(12, 1, 28, 42, '', 'Dal Makhani', '49', 'Dal Makhan', 60, 0, 0, 610, '12_image_1.jpg', 'yes', '2016-12-21', '2016-12-21 01:08:37'),
(13, 1, 28, 43, '', 'Plan Roti', '73', 'Plan Roti', 10, 0, 0, 20, '13_image_1.jpg', 'yes', '2016-12-21', '2016-12-21 01:12:37'),
(14, 1, 28, 43, '', 'Butter Roti', '74', 'Butter Roti', 0, 0, 0, 25, '14_image_1.jpg', 'yes', '2016-12-21', '2016-12-21 01:21:58'),
(15, 1, 28, 44, '', 'Malai Kofta', '90', 'Malai Kofta', 80, 0, 0, 950, '15_image_1.jpg', 'yes', '2016-12-21', '2016-12-21 01:24:29'),
(16, 1, 28, 44, '', 'Nargisi Kofta', '91', 'Nargisi Kofta', 90, 0, 0, 890, '16_image_1.jpg', 'yes', '2016-12-21', '2016-12-21 01:27:05'),
(17, 1, 28, 45, '', 'veg. Biryani', '92', '<p>veg. Biryani</p>', 60, 0, 0, 90, '17_image_1.jpg', 'yes', '2016-12-21', '2016-12-21 01:29:18'),
(18, 1, 28, 45, '', 'Hyderabadi Biryani', '93', 'Hyderabadi Biryani', 70, 0, 0, 100, '18_image_1.jpg', 'yes', '2016-12-21', '2016-12-21 01:30:50'),
(19, 1, 28, 46, '', 'Tomato Soup', '103', 'Tomato Soup', 50, 0, 0, 70, '19_image_1.jpg', 'yes', '2016-12-21', '2016-12-21 01:32:22'),
(20, 1, 28, 46, '', 'Lamon Korian Soup', '104', 'Lamon Korian Soup', 60, 0, 0, 80, '20_image_1.jpg', 'yes', '2016-12-21', '2016-12-21 01:33:56'),
(21, 1, 28, 48, '', 'Manchurian Noodles', '113', 'Manchurian Noodles', 60, 0, 0, 80, '21_image_1.jpg', 'yes', '2016-12-21', '2016-12-21 01:38:20'),
(22, 1, 28, 48, '', 'Hakka Noodles', '114', 'Hakka Noodles', 60, 0, 0, 80, '22_image_1.jpg', 'yes', '2016-12-21', '2016-12-21 01:39:22'),
(23, 1, 28, 49, '', 'veg. Fried Rice', '121', 'veg. Fried Rice', 50, 0, 0, 70, '23_image_1.jpg', 'yes', '2016-12-21', '2016-12-21 01:41:17'),
(24, 1, 28, 49, '', 'Schezwan Fried Rice', '122', 'Schezwan Fried Rice', 50, 0, 0, 70, '24_image_1.jpg', 'yes', '2016-12-21', '2016-12-21 01:42:48'),
(25, 1, 28, 51, '', 'Pav Bhaji', '128', 'Pav Bhaji', 50, 0, 0, 60, '25_image_1.jpg', 'yes', '2016-12-21', '2016-12-21 01:44:09'),
(26, 1, 28, 51, '', 'Butter Pav Bhaji', '129', 'Butter Pav Bhaji', 60, 0, 0, 70, '26_image_1.jpg', 'yes', '2016-12-21', '2016-12-21 01:45:23'),
(27, 1, 28, 50, '', 'Sada Dosa', '133', 'Sada Dosa', 40, 0, 0, 50, '27_image_1.jpg', 'yes', '2016-12-21', '2016-12-21 01:47:20'),
(28, 1, 28, 50, '', 'Paper Sada Dosa', '134', 'Paper Sada Dosa', 60, 0, 0, 70, '28_image_1.jpg', 'yes', '2016-12-21', '2016-12-21 01:48:18'),
(29, 1, 28, 38, '', 'Paneer Buter Masala', '10', 'Paneer Buter Masala', NULL, 0, 0, 870, '29_image_1.png', 'yes', '2016-12-23', '2016-12-23 07:03:16'),
(30, 1, 28, 38, '', 'Paneer Tawa Masala', '11', 'Paneer Tawa Masala', NULL, 0, 0, 870, '30_image_1.jpg', 'yes', '2016-12-23', '2016-12-23 07:04:33'),
(31, 1, 28, 38, '', 'Paneer Tufani', '12', 'Paneer Tufani', NULL, 0, 0, 870, '31_image_1.jpg', 'yes', '2016-12-23', '2016-12-23 07:05:28'),
(32, 1, 28, 38, '', 'Paneer Handi', '13', 'Paneer Handi', NULL, 0, 0, 850, '32_image_1.jpg', 'yes', '2016-12-23', '2016-12-23 07:15:24'),
(33, 1, 28, 38, '', 'Paneer Kadai', '14', 'Paneer Kadai', NULL, 0, 0, 950, '33_image_1.jpg', 'yes', '2016-12-23', '2016-12-23 07:16:25'),
(34, 1, 28, 38, '', 'Paneer Pachanda', '15', 'Paneer Pachanda', NULL, 0, 0, 950, '34_image_1.jpg', 'yes', '2016-12-23', '2016-12-23 07:17:19'),
(35, 1, 28, 38, '', 'Paneer Hangama', '16', 'Paneer Hangama', NULL, 0, 0, 850, '35_image_1.jpg', 'yes', '2016-12-23', '2016-12-23 07:18:33'),
(36, 1, 28, 38, '', 'Paneer Patiyala', '17', 'Paneer Patiyala', NULL, 0, 0, 950, '36_image_1.jpg', 'yes', '2016-12-23', '2016-12-23 07:19:31'),
(37, 1, 28, 38, '', 'Paneer Angara', '18', 'Paneer Angara', NULL, 0, 0, 850, '37_image_1.jpg', 'yes', '2016-12-23', '2016-12-23 07:20:19'),
(38, 1, 28, 38, '', 'Paneer Kaju', '19', 'Paneer Kaju', NULL, 0, 0, 960, '38_image_1.png', 'yes', '2016-12-23', '2016-12-23 07:21:49'),
(39, 1, 28, 38, '', 'paneer Chatpata', '20', 'paneer Chatpata', NULL, 0, 0, 810, '39_image_1.jpg', 'yes', '2016-12-23', '2016-12-23 07:23:25'),
(40, 1, 28, 38, '', 'A-One Special Paneer', '21', 'special paneer', NULL, 0, 0, 1010, '40_image_1.jpg', 'yes', '2016-12-23', '2016-12-23 07:24:57'),
(41, 1, 28, 38, '', 'Paneer Mushroom', '22', 'paneer mushroom', NULL, 0, 0, 850, '41_image_1.jpg', 'yes', '2016-12-23', '2016-12-23 07:26:24'),
(42, 1, 28, 38, '', 'Paneer Begam Bar', '23', 'paneer Begam Bar', NULL, 0, 0, 850, '42_image_1.jpg', 'yes', '2016-12-23', '2016-12-23 07:27:50'),
(43, 1, 28, 38, '', 'Paneer Makhni', '24', 'paneer Makhni', NULL, 0, 0, 850, '43_image_1.jpg', 'yes', '2016-12-23', '2016-12-23 07:29:10'),
(44, 1, 28, 38, '', 'Palak Paneer', '25', 'Palak Paneer', NULL, 0, 0, 850, '44_image_1.jpg', 'yes', '2016-12-23', '2016-12-23 07:30:50'),
(45, 1, 28, 38, '', 'Paneer Sikkim', '26', 'Paneer Sikkim', NULL, 0, 0, 980, '45_image_1.jpg', 'yes', '2016-12-23', '2016-12-23 07:32:11'),
(46, 1, 28, 38, '', 'Paneer Seema', '27', 'Paneer Seema', NULL, 0, 0, 770, '46_image_1.jpg', 'yes', '2016-12-23', '2016-12-23 07:33:51'),
(47, 1, 28, 37, '', 'Kaju Tufani', '3', 'Kaju Tufani', NULL, 0, 0, 960, '47_image_1.jpg', 'yes', '2016-12-23', '2016-12-23 07:48:24'),
(48, 1, 28, 37, '', 'Kaju Tawa', '4', 'Kaju Tawa', NULL, 0, 0, 770, '48_image_1.jpg', 'yes', '2016-12-23', '2016-12-23 07:50:14'),
(49, 1, 28, 37, '', 'Kaju A-One Special', '5', 'Kaju A-One Special', NULL, 0, 0, 1030, '49_image_1.jpg', 'yes', '2016-12-23', '2016-12-23 07:52:04'),
(50, 1, 28, 37, '', 'kaju khoya', '6', 'kaju khoya', NULL, 0, 0, 960, '50_image_1.jpg', 'yes', '2016-12-23', '2016-12-23 07:53:33'),
(51, 1, 28, 37, '', 'Kaju Kari', '7', 'Kaju Kari', NULL, 0, 0, 960, '51_image_1.jpg', 'yes', '2016-12-23', '2016-12-23 07:54:32'),
(52, 1, 28, 39, '', 'Salted Lassi', '30', 'salted lassi', NULL, 0, 0, 20, '52_image_1.jpg', 'yes', '2016-12-24', '2016-12-23 23:28:30'),
(53, 1, 28, 39, '', 'Special A-One Lassi', '31', 'Special A-One Lassi', NULL, 0, 0, 40, '53_image_1.jpg', 'yes', '2016-12-24', '2016-12-23 23:29:52'),
(54, 1, 28, 55, '', 'C.T salad', '32', 'C.T shalad', NULL, 0, 0, 30, '54_image_1.jpg', 'yes', '2016-12-24', '2016-12-23 23:32:42'),
(55, 1, 28, 55, '', 'Green Salad', '33', 'Green Salad', NULL, 0, 0, 40, '55_image_1.jpg', 'yes', '2016-12-24', '2016-12-23 23:35:28'),
(56, 1, 28, 55, '', 'Tomato Salad', '34', 'Tomato Salad', NULL, 0, 0, 25, '56_image_1.jpg', 'yes', '2016-12-24', '2016-12-23 23:37:07'),
(57, 1, 28, 54, '', 'Dry Papad', '35', 'Dry Papad', NULL, 0, 0, 15, '57_image_1.jpg', 'yes', '2016-12-24', '2016-12-23 23:38:50'),
(58, 1, 28, 54, '', 'Masala Papad', '36', 'Masala Papad', NULL, 0, 0, 25, '58_image_1.jpg', 'yes', '2016-12-24', '2016-12-23 23:39:57'),
(59, 1, 28, 54, '', 'Roasted Papad', '37', 'Roasted Papad', NULL, 0, 0, 10, '59_image_1.jpg', 'yes', '2016-12-24', '2016-12-23 23:41:06'),
(64, 1, 28, 40, '', 'Fanta cool drinks', '44', 'Fanta cool drinks', NULL, 0, 0, 25, '64_image_1.jpg', 'yes', '2016-12-24', '2016-12-23 23:48:22'),
(65, 1, 28, 40, '', 'Thumbs Up drink', '45', 'Thumbs Up drink', NULL, 0, 0, 25, '65_image_1.jpg', 'yes', '2016-12-24', '2016-12-23 23:49:56'),
(66, 1, 28, 40, '', 'Coca-Cola', '46', 'Coca-Cola', NULL, 0, 0, 25, '66_image_1.jpg', 'yes', '2016-12-24', '2016-12-23 23:51:14'),
(67, 1, 28, 40, '', 'Mineral Water', '47', 'Mineral Water', NULL, 0, 0, 25, '67_image_1.jpg', 'yes', '2016-12-24', '2016-12-23 23:52:16'),
(68, 1, 28, 42, '', 'Dal Tadaka', '50', 'Dal Tadka', NULL, 0, 0, 680, '68_image_1.jpg', 'yes', '2016-12-24', '2016-12-23 23:55:00'),
(69, 1, 28, 41, '', 'Veg. Angara', '53', 'Veg. Angara', NULL, 0, 0, 740, '69_image_1.png', 'yes', '2016-12-24', '2016-12-23 23:57:40'),
(70, 1, 28, 41, '', 'Veg. Hangama', '54', 'Veg. Hangama', NULL, 0, 0, 740, '70_image_1.jpg', 'yes', '2016-12-24', '2016-12-24 00:07:22'),
(71, 1, 28, 41, '', 'Veg. Tawa Masala', '55', 'Veg. Tawa Masala', NULL, 0, 0, 810, '71_image_1.jpg', 'yes', '2016-12-24', '2016-12-24 00:08:19'),
(72, 1, 28, 41, '', 'Veg. Handi', '56', 'Veg. Handi', NULL, 0, 0, 740, '72_image_1.jpg', 'yes', '2016-12-24', '2016-12-24 00:09:27'),
(73, 1, 28, 41, '', 'Veg. kadai', '57', 'Veg. kadai', NULL, 0, 0, 810, '73_image_1.png', 'yes', '2016-12-24', '2016-12-24 00:11:04'),
(74, 1, 28, 41, '', 'Veg. Anguri', '58', 'Veg. Anguri', NULL, 0, 0, 740, '74_image_1.jpg', 'yes', '2016-12-24', '2016-12-24 00:12:08'),
(75, 1, 28, 41, '', 'Veg. Seema', '59', 'Veg. Seema', NULL, 0, 0, 630, '75_image_1.jpg', 'yes', '2016-12-24', '2016-12-24 00:13:16'),
(76, 1, 28, 41, '', 'Veg. Chatpata', '60', 'Veg. Chatpata', NULL, 0, 0, 750, '76_image_1.jpg', 'yes', '2016-12-24', '2016-12-24 00:15:02'),
(77, 1, 28, 41, '', 'Veg. Makhanwala', '61', 'Veg. Makhanwala', NULL, 0, 0, 750, '77_image_1.jpg', 'yes', '2016-12-24', '2016-12-24 00:16:04'),
(78, 1, 28, 41, '', 'Veg. Jaipuri', '62', 'Veg. Jaipuri', NULL, 0, 0, 750, '78_image_1.jpg', 'yes', '2016-12-24', '2016-12-24 00:17:11'),
(79, 1, 28, 41, '', 'Veg. Sikkim', '63', 'Veg. Sikkim', NULL, 0, 0, 770, '79_image_1.jpg', 'yes', '2016-12-24', '2016-12-24 00:18:26'),
(80, 1, 28, 41, '', 'Veg. BergamBar', '64', 'Veg. BergamBar', NULL, 0, 0, 870, '80_image_1.jpg', 'yes', '2016-12-24', '2016-12-24 00:20:33'),
(81, 1, 28, 41, '', 'Veg. Hariyali', '65', 'Veg. Hariyali', NULL, 0, 0, 740, '81_image_1.jpg', 'yes', '2016-12-24', '2016-12-24 00:21:55'),
(82, 1, 28, 41, '', 'Veg. Makhani', '66', 'Veg. Makhani', NULL, 0, 0, 750, '82_image_1.jpg', 'yes', '2016-12-24', '2016-12-24 00:24:14'),
(83, 1, 28, 41, '', 'Veg. A-One Special', '67', 'Veg. A-One Special', NULL, 0, 0, 960, '83_image_1.jpg', 'yes', '2016-12-24', '2016-12-24 00:25:02'),
(84, 1, 28, 41, '', 'Veg. Mushroom', '68', 'Veg. Mushroom', NULL, 0, 0, 970, '84_image_1.jpg', 'yes', '2016-12-24', '2016-12-24 00:26:14'),
(85, 1, 28, 41, '', 'Veg. Palak Masala', '69', 'Veg. Palak Masala', NULL, 0, 0, 810, '85_image_1.jpg', 'yes', '2016-12-24', '2016-12-24 00:27:44'),
(86, 1, 28, 41, '', 'Aloo Palak', '70', 'Aloo Palak', NULL, 0, 0, 750, '86_image_1.jpg', 'yes', '2016-12-24', '2016-12-24 00:28:45'),
(87, 1, 28, 41, '', 'Chana Masala', '71', 'Chana Masala', NULL, 0, 0, 630, '87_image_1.jpg', 'yes', '2016-12-24', '2016-12-24 00:30:36'),
(88, 1, 28, 41, '', 'Aloo Matar', '72', 'Aloo Matar', NULL, 0, 0, 810, '88_image_1.jpg', 'yes', '2016-12-24', '2016-12-24 00:32:52'),
(89, 1, 28, 43, '', 'Misari Roti', '75', 'Misari Roti', NULL, 0, 0, 25, '89_image_1.png', 'yes', '2016-12-24', '2016-12-24 00:36:10'),
(90, 1, 28, 43, '', 'Methi Roti', '76', 'Methi Roti', NULL, 0, 0, 30, '90_image_1.jpg', 'yes', '2016-12-24', '2016-12-24 00:39:39'),
(91, 1, 28, 43, '', 'Plan Naan', '77', 'Plan Naan', NULL, 0, 0, 25, '91_image_1.jpg', 'yes', '2016-12-24', '2016-12-24 00:56:24'),
(92, 1, 28, 43, '', 'Butter Naan', '78', 'Butter Naan', NULL, 0, 0, 30, '92_image_1.jpg', 'yes', '2016-12-24', '2016-12-24 00:57:40'),
(93, 1, 28, 43, '', 'Staf Naan', '79', 'Staf Naan', NULL, 0, 0, 40, '93_image_1.jpg', 'yes', '2016-12-24', '2016-12-24 00:58:51'),
(94, 1, 28, 43, '', 'Garlic Naan', '80', 'Garlic Naan', NULL, 0, 0, 45, '94_image_1.jpg', 'yes', '2016-12-24', '2016-12-24 01:00:03'),
(95, 1, 28, 43, '', 'Cheese Naan', '81', 'Cheese Naan', NULL, 0, 0, 45, '95_image_1.jpg', 'yes', '2016-12-24', '2016-12-24 01:01:21'),
(96, 1, 28, 43, '', 'Plan Paratha', '82', 'Plan Paratha', NULL, 0, 0, 35, '96_image_1.jpg', 'yes', '2016-12-24', '2016-12-24 01:02:44'),
(97, 1, 28, 43, '', 'Butter Paratha', '83', 'Butter Paratha', NULL, 0, 0, 40, '97_image_1.jpg', 'yes', '2016-12-24', '2016-12-24 01:03:42'),
(98, 1, 28, 43, '', 'Methi Paratha', '84', 'Methi Paratha', NULL, 0, 0, 35, '98_image_1.png', 'yes', '2016-12-24', '2016-12-24 01:04:58'),
(99, 1, 28, 43, '', 'Staf Paratha', '85', 'Staf Paratha', NULL, 0, 0, 45, '99_image_1.jpg', 'yes', '2016-12-24', '2016-12-24 01:05:57'),
(100, 1, 28, 43, '', 'Garlic Paratha', '86', 'Garlic Paratha', NULL, 0, 0, 45, '100_image_1.jpg', 'yes', '2016-12-24', '2016-12-24 01:06:55'),
(101, 1, 28, 43, '', 'Aloo Paratha', '87', 'Aloo Paratha', NULL, 0, 0, 45, '101_image_1.jpg', 'yes', '2016-12-24', '2016-12-24 01:08:00'),
(102, 1, 28, 43, '', 'Plan phulka', '88', 'Plan phulka', NULL, 0, 0, 30, '102_image_1.jpg', 'yes', '2016-12-24', '2016-12-24 01:10:00'),
(103, 1, 28, 43, '', 'Butter phulka', '89', 'Butter phulka', NULL, 0, 0, 40, '103_image_1.jpg', 'yes', '2016-12-24', '2016-12-24 01:11:46'),
(104, 1, 28, 45, '', 'Mushroom Biryani', '94', 'Mushroom Biryani', NULL, 0, 0, 100, '104_image_1.jpg', 'yes', '2016-12-24', '2016-12-24 01:16:13'),
(105, 1, 28, 45, '', 'A-One Special Biryani', '95', 'Special Biryani', NULL, 0, 0, 120, '105_image_1.jpg', 'yes', '2016-12-24', '2016-12-24 01:17:15'),
(106, 1, 28, 45, '', 'Handi Biryani', '96', 'Handi Biryani', NULL, 0, 0, 100, '106_image_1.jpg', 'yes', '2016-12-24', '2016-12-24 01:18:07'),
(107, 1, 28, 45, '', 'Veg.Pulav', '97', 'Veg.Pulav', NULL, 0, 0, 90, '107_image_1.jpg', 'yes', '2016-12-24', '2016-12-24 01:19:14'),
(108, 1, 28, 45, '', 'Paneer Pulav', '98', 'Paneer Pulav', NULL, 0, 0, 110, '108_image_1.png', 'yes', '2016-12-24', '2016-12-24 01:20:52'),
(109, 1, 28, 45, '', 'Masala Rice', '99', 'Masala Rice', NULL, 0, 0, 70, '109_image_1.jpg', 'yes', '2016-12-24', '2016-12-24 01:22:04'),
(110, 1, 28, 45, '', 'Jeera Rice', '100', 'Jeera Rice', NULL, 0, 0, 60, '110_image_1.jpg', 'yes', '2016-12-24', '2016-12-24 01:22:55'),
(111, 1, 28, 45, '', 'Plan  Rice', '101', 'Plan&nbsp; Rice', NULL, 0, 0, 40, '111_image_1.jpg', 'yes', '2016-12-24', '2016-12-24 01:23:50'),
(112, 1, 28, 45, '', 'Steam Rice', '102', 'Steam Rice', NULL, 0, 0, 50, '112_image_1.jpg', 'yes', '2016-12-24', '2016-12-24 01:24:50'),
(113, 1, 28, 48, '', 'Manchurian Dry', '109', 'Manchurian Dry', NULL, 0, 0, 90, '113_image_1.jpg', 'yes', '2016-12-24', '2016-12-24 01:31:51'),
(114, 1, 28, 48, '', 'Manchurian Gravy', '110', 'Manchurian Gravy', NULL, 0, 0, 80, '114_image_1.jpg', 'yes', '2016-12-24', '2016-12-24 01:33:06'),
(115, 1, 28, 52, '', 'Paneer Chilli Dry', '111', 'Paneer Chilli', NULL, 0, 0, 130, '115_image_1.jpg', 'yes', '2016-12-24', '2016-12-24 01:34:18'),
(116, 1, 28, 52, '', 'Paneer Chilli Gravy', '112', 'Paneer Chilli Gravy', NULL, 0, 0, 120, '116_image_1.jpg', 'yes', '2016-12-24', '2016-12-24 01:36:19'),
(117, 1, 28, 46, '', 'Manchurian Soup', '105', 'Manchurian Soup', NULL, 0, 0, 80, '117_image_1.jpg', 'yes', '2016-12-24', '2016-12-24 01:41:37'),
(118, 1, 28, 46, '', 'Manchow Soup', '106', 'Manchow Soup', NULL, 0, 0, 80, '118_image_1.jpg', 'yes', '2016-12-24', '2016-12-24 01:42:41'),
(119, 1, 28, 46, '', 'Veg. Mushroom Soup', '107', 'Veg. Mushroom Soup', NULL, 0, 0, 90, '119_image_1.jpg', 'yes', '2016-12-24', '2016-12-24 01:43:37'),
(120, 1, 28, 46, '', 'Hot And Sour Soup', '108', 'Hot And Sour Soup', NULL, 0, 0, 80, '120_image_1.jpg', 'yes', '2016-12-24', '2016-12-24 01:44:31'),
(121, 1, 28, 48, '', 'Schezwan Noodles', '115', 'Schezwan Noodles', NULL, 0, 0, 80, '121_image_1.jpg', 'yes', '2016-12-24', '2016-12-24 01:47:02'),
(122, 1, 28, 48, '', 'Singapuri Noodles', '116', 'Singapuri Noodles', NULL, 0, 0, 80, '122_image_1.jpg', 'yes', '2016-12-24', '2016-12-24 01:47:51'),
(123, 1, 28, 48, '', 'Veg. Noodles', '117', 'Veg. Noodles', NULL, 0, 0, 80, '123_image_1.jpg', 'yes', '2016-12-24', '2016-12-24 01:48:41'),
(124, 1, 28, 48, '', 'Paneer Noodles', '118', 'Paneer Noodles', NULL, 0, 0, 100, '124_image_1.jpg', 'yes', '2016-12-24', '2016-12-24 01:49:29'),
(125, 1, 28, 48, '', 'Mushroom Noodles', '119', 'Mushroom Noodles', NULL, 0, 0, 90, '125_image_1.jpg', 'yes', '2016-12-24', '2016-12-24 01:50:37'),
(126, 1, 28, 48, '', 'Chinese Bhel', '120', 'Chinese Bhel', NULL, 0, 0, 80, '126_image_1.jpg', 'yes', '2016-12-24', '2016-12-24 01:51:46'),
(127, 1, 28, 49, '', 'Manchurian Fried Rice', '123', 'Manchurian Fried Rice', NULL, 0, 0, 80, '127_image_1.jpg', 'yes', '2016-12-24', '2016-12-24 01:53:53'),
(128, 1, 28, 49, '', 'Singapuri Fried Rice', '124', 'Singapuri Fried Rice', NULL, 0, 0, 70, '128_image_1.jpg', 'yes', '2016-12-24', '2016-12-24 01:55:20'),
(129, 1, 28, 49, '', 'Mushroom Fried Rice', '125', 'Mushroom Fried Rice', NULL, 0, 0, 90, '129_image_1.png', 'yes', '2016-12-24', '2016-12-24 01:56:21'),
(130, 1, 28, 49, '', 'Paneer Fried Rice', '126', 'Paneer Fried Rice', NULL, 0, 0, 100, '130_image_1.jpg', 'yes', '2016-12-24', '2016-12-24 01:57:11'),
(131, 1, 28, 51, '', 'Cheese Pav Bhaji', '130', 'Cheese Pav Bhaji', NULL, 0, 0, 80, '131_image_1.jpg', 'yes', '2016-12-24', '2016-12-24 01:59:28'),
(132, 1, 28, 51, '', 'A-One Special Pav Bhaji', '131', 'Special Pav Bhaji', NULL, 0, 0, 90, '132_image_1.jpg', 'yes', '2016-12-24', '2016-12-24 02:00:32'),
(133, 1, 28, 51, '', 'Extra Pav', '132', 'Extra Pav', NULL, 0, 0, 10, '133_image_1.jpg', 'yes', '2016-12-24', '2016-12-24 02:01:36'),
(134, 1, 28, 50, '', 'Masala Dosa', '135', 'Masala Dosa', NULL, 0, 0, 60, '134_image_1.jpg', 'yes', '2016-12-24', '2016-12-24 02:03:48'),
(135, 1, 28, 50, '', 'Butter Sada Dosa', '136', 'Butter Sada Dosa', NULL, 0, 0, 70, '135_image_1.jpg', 'yes', '2016-12-24', '2016-12-24 02:05:32'),
(136, 1, 28, 50, '', 'Butter Paper Sada Dosa', '137', 'Butter Paper Sada Dosa', NULL, 0, 0, 80, '136_image_1.jpg', 'yes', '2016-12-24', '2016-12-24 02:06:28'),
(137, 1, 28, 50, '', 'Cheese Sada Dosa', '138', 'Cheese Sada Dosa', NULL, 0, 0, 70, '137_image_1.jpg', 'yes', '2016-12-24', '2016-12-24 02:07:22'),
(138, 1, 28, 50, '', 'Butter Masala Dosa', '139', 'Butter Masala Dosa', NULL, 0, 0, 70, '138_image_1.jpg', 'yes', '2016-12-24', '2016-12-24 02:08:22'),
(139, 1, 28, 50, '', 'Cheese Masala Dosa', '140', 'Cheese Masala Dosa', NULL, 0, 0, 80, '139_image_1.png', 'yes', '2016-12-24', '2016-12-24 02:09:15'),
(140, 1, 28, 50, '', 'Spring Masala Dosa', '141', 'Spring Masala Dosa', NULL, 0, 0, 80, '140_image_1.jpg', 'yes', '2016-12-24', '2016-12-24 02:10:14'),
(141, 1, 28, 50, '', 'mysore Masala Dosa', '142', 'mysore Masala Dosa', NULL, 0, 0, 80, '141_image_1.jpg', 'yes', '2016-12-24', '2016-12-24 02:11:15'),
(142, 1, 28, 50, '', 'Butter mysore Masala', '143', 'Butter mysore Masala', NULL, 0, 0, 70, '142_image_1.png', 'yes', '2016-12-24', '2016-12-24 02:13:14'),
(143, 1, 28, 50, '', 'A-One Special mysore Masala Dosa', '144', 'A-One Special mysore Masala Dosa', NULL, 0, 0, 100, '143_image_1.jpg', 'yes', '2016-12-24', '2016-12-24 02:15:41'),
(144, 1, 28, 50, '', 'A-One Special  Dosa', '145', 'A-One Special&nbsp; Dosa', NULL, 0, 0, 90, '144_image_1.jpg', 'yes', '2016-12-24', '2016-12-24 02:17:32'),
(145, 1, 28, 50, '', 'Sada Uttapam', '146', 'Sada Uttapam', NULL, 0, 0, 60, '145_image_1.jpg', 'yes', '2016-12-24', '2016-12-24 02:18:54'),
(146, 1, 28, 50, '', 'Onion Uttapam', '147', 'Onion Uttapam', NULL, 0, 0, 60, '146_image_1.jpg', 'yes', '2016-12-24', '2016-12-24 02:19:50'),
(147, 1, 28, 50, '', 'Tomato Uttapam', '148', 'Tomato Uttapam', NULL, 0, 0, 60, '147_image_1.jpg', 'yes', '2016-12-24', '2016-12-24 02:20:44'),
(148, 1, 28, 50, '', 'Mix Uttapam', '149', 'Mix Uttapam', NULL, 0, 0, 60, '148_image_1.jpg', 'yes', '2016-12-24', '2016-12-24 02:21:30'),
(149, 1, 28, 50, '', 'Cheese Uttapam', '150', 'Cheese Uttapam', NULL, 0, 0, 70, '149_image_1.jpg', 'yes', '2016-12-24', '2016-12-24 02:22:16'),
(150, 1, 28, 50, '', 'A-One Special Uttapam', '151', 'Special Uttapam', NULL, 0, 0, 100, '150_image_1.png', 'yes', '2016-12-24', '2016-12-24 02:23:10'),
(151, 1, 28, 50, '', 'Masala Uttapam', '152', 'Masala Uttapam', NULL, 0, 0, 70, '151_image_1.jpg', 'yes', '2016-12-24', '2016-12-24 02:23:54'),
(152, 1, 28, 50, '', 'fry masala dosa', '153', '...', NULL, 0, 0, 80, '152_image_1.jpg', 'yes', '2017-07-08', '2017-07-08 12:52:48'),
(153, 1, 28, 50, '', 'sandwich dosa', '154', '..', NULL, 0, 0, 130, '153_image_1.jpg', 'yes', '2017-07-08', '2017-07-08 12:53:54'),
(154, 1, 28, 50, '', 'mysore sada dosa', '155', '..', NULL, 0, 0, 60, '154_image_1.jpg', 'yes', '2017-07-08', '2017-07-08 12:55:37'),
(155, 1, 28, 50, '', 'chengyang dosa', '156', '..', NULL, 0, 0, 100, '155_image_1.jpg', 'yes', '2017-07-08', '2017-07-08 12:56:38'),
(156, 1, 28, 50, '', 'swa sada dosa', '157', '..', NULL, 0, 0, 100, '156_image_1.jpg', 'yes', '2017-07-08', '2017-07-08 12:58:44'),
(157, 1, 28, 50, '', 'swa masala dosa', '158', '..', NULL, 0, 0, 120, '157_image_1.jpg', 'yes', '2017-07-08', '2017-07-08 12:59:36'),
(158, 1, 28, 53, '', 'veg sizzler', '159', '..', NULL, 0, 0, 220, '158_image_1.jpg', 'yes', '2017-07-08', '2017-07-08 13:01:35'),
(159, 1, 28, 53, '', 'italian sizzler', '160', '..', NULL, 0, 0, 250, '159_image_1.jpg', 'yes', '2017-07-08', '2017-07-08 13:02:38'),
(160, 1, 28, 53, '', 'paneer stick sizzler', '161', '..', NULL, 0, 0, 300, '160_image_1.jpg', 'yes', '2017-07-08', '2017-07-08 13:03:34'),
(161, 1, 28, 53, '', 'pasta', '162', '..', NULL, 0, 0, 200, '161_image_1.jpg', 'yes', '2017-07-08', '2017-07-08 13:04:21'),
(162, 1, 28, 53, '', 'A-One Special Sazzler', '163', '..', NULL, 0, 0, 350, '162_image_1.jpg', 'yes', '2017-07-08', '2017-07-08 13:05:32'),
(163, 1, 28, 38, '', 'hilton masala', '164', '..', NULL, 0, 0, 950, '163_image_1.jpg', 'yes', '2017-07-08', '2017-07-08 13:10:13'),
(164, 1, 28, 38, '', 'tuddi special', '165', '..', NULL, 0, 0, 1030, '164_image_1.jpg', 'yes', '2017-07-08', '2017-07-08 13:11:54'),
(166, 1, 28, 52, '', 'spring roll', '167', '..', NULL, 0, 0, 120, '166_image_1.jpg', 'yes', '2017-07-08', '2017-07-08 13:22:37'),
(167, 1, 28, 52, '', 'finger chips', '168', '..', NULL, 0, 0, 40, '167_image_1.jpg', 'yes', '2017-07-08', '2017-07-08 13:24:35'),
(168, 1, 28, 52, '', 'dragon potato', '169', '..', NULL, 0, 0, 80, '168_image_1.jpg', 'yes', '2017-07-08', '2017-07-08 13:25:27'),
(169, 1, 28, 52, '', 'veg crispy', '170', '..', NULL, 0, 0, 110, '169_image_1.jpg', 'yes', '2017-07-10', '2017-07-10 04:57:54');

-- --------------------------------------------------------

--
-- Table structure for table `productmaster`
--

CREATE TABLE IF NOT EXISTS `productmaster` (
  `ProductName` varchar(100) DEFAULT NULL,
  `ProductShortCode` varchar(50) DEFAULT NULL,
  `ProductGroupId` double DEFAULT NULL,
  `SerialNoWiseStockRequired` bit(1) DEFAULT NULL,
  `BatchNoWiseStockRequired` bit(1) DEFAULT NULL,
  `ClassificationRequired` bit(1) DEFAULT NULL,
  `UpdateRateDuringPurchase` bit(1) DEFAULT NULL,
  `UpdateRateDuringSales` bit(1) DEFAULT NULL,
  `ReOrderQuantity` double DEFAULT NULL,
  `MinimumQuantity` double DEFAULT NULL,
  `MaximumQuantity` double DEFAULT NULL,
  `PurchaseAccountId` double DEFAULT NULL,
  `SalesAccountId` double DEFAULT NULL,
  `VATAccountId` double DEFAULT NULL,
  `CSTAccountId` double DEFAULT NULL,
  `HSNCode` varchar(30) DEFAULT NULL,
  `USF1` varchar(30) DEFAULT NULL,
  `USF2` varchar(30) DEFAULT NULL,
  `USF3` varchar(30) DEFAULT NULL,
  `USF4` varchar(30) DEFAULT NULL,
  `USF5` varchar(30) DEFAULT NULL,
  `USF6` varchar(30) DEFAULT NULL,
  `USF7` varchar(30) DEFAULT NULL,
  `USF8` varchar(30) DEFAULT NULL,
  `USF9` varchar(30) DEFAULT NULL,
  `USF10` varchar(30) DEFAULT NULL,
  `USF11` varchar(30) DEFAULT NULL,
  `USF12` varchar(30) DEFAULT NULL,
  `USF13` varchar(30) DEFAULT NULL,
  `USF14` varchar(30) DEFAULT NULL,
  `USF15` varchar(30) DEFAULT NULL,
  `USF16` varchar(30) DEFAULT NULL,
  `USF17` varchar(30) DEFAULT NULL,
  `USF18` varchar(30) DEFAULT NULL,
  `USF19` varchar(30) DEFAULT NULL,
  `USF20` varchar(30) DEFAULT NULL,
  `USF21` varchar(30) DEFAULT NULL,
  `USF22` varchar(30) DEFAULT NULL,
  `USF23` varchar(30) DEFAULT NULL,
  `USF24` varchar(30) DEFAULT NULL,
  `USF25` varchar(30) DEFAULT NULL,
  `USF26` varchar(30) DEFAULT NULL,
  `USF27` varchar(30) DEFAULT NULL,
  `USF28` varchar(30) DEFAULT NULL,
  `USF29` varchar(30) DEFAULT NULL,
  `USF30` varchar(30) DEFAULT NULL,
  `USF31` varchar(30) DEFAULT NULL,
  `USF32` varchar(30) DEFAULT NULL,
  `USF33` varchar(30) DEFAULT NULL,
  `USF34` varchar(30) DEFAULT NULL,
  `USF35` varchar(30) DEFAULT NULL,
  `USF36` varchar(30) DEFAULT NULL,
  `USF37` varchar(30) DEFAULT NULL,
  `USF38` varchar(30) DEFAULT NULL,
  `USF39` varchar(30) DEFAULT NULL,
  `USF40` varchar(30) DEFAULT NULL,
  `TradingAccountId` double DEFAULT NULL,
  `ClassificationMasterId1` double DEFAULT NULL,
  `ClassificationMasterId2` double DEFAULT NULL,
  `ClassificationMasterId3` double DEFAULT NULL,
  `ClassificationMasterId4` double DEFAULT NULL,
  `ClassificationMasterId5` double DEFAULT NULL,
  `ClassificationMasterId6` double DEFAULT NULL,
  `ClassificationMasterId7` double DEFAULT NULL,
  `ClassificationMasterId8` double DEFAULT NULL,
  `ClassificationMasterId9` double DEFAULT NULL,
  `ClassificationMasterId10` double DEFAULT NULL,
  `EquationRequired` bit(1) DEFAULT NULL,
  `DefaultUnitId1` double DEFAULT NULL,
  `DefaultUnitId2` double DEFAULT NULL,
  `DefaultUnitId3` double DEFAULT NULL,
  `DefaultUnitId4` double DEFAULT NULL,
  `AbmentmentRate` double DEFAULT NULL,
  `Amount` double DEFAULT NULL,
  `DefaultClassificationValueId1` double DEFAULT NULL,
  `DefaultClassificationValueId2` double DEFAULT NULL,
  `DefaultClassificationValueId3` double DEFAULT NULL,
  `DefaultClassificationValueId4` double DEFAULT NULL,
  `DefaultClassificationValueId5` double DEFAULT NULL,
  `DefaultClassificationValueId6` double DEFAULT NULL,
  `DefaultClassificationValueId7` double DEFAULT NULL,
  `DefaultClassificationValueId8` double DEFAULT NULL,
  `DefaultClassificationValueId9` double DEFAULT NULL,
  `DefaultClassificationValueId10` double DEFAULT NULL,
  `ProductDisplayName` varchar(250) DEFAULT NULL,
  `IsDisp1` bit(1) DEFAULT NULL,
  `IsDisp2` bit(1) DEFAULT NULL,
  `IsDisp3` bit(1) DEFAULT NULL,
  `IsDisp4` bit(1) DEFAULT NULL,
  `IsDisp5` bit(1) DEFAULT NULL,
  `IsDisp6` bit(1) DEFAULT NULL,
  `IsDisp7` bit(1) DEFAULT NULL,
  `IsDisp8` bit(1) DEFAULT NULL,
  `IsDisp9` bit(1) DEFAULT NULL,
  `IsDisp10` bit(1) DEFAULT NULL,
  `ChapterHeadNo` varchar(50) DEFAULT NULL,
  `Seq1` int(11) DEFAULT NULL,
  `Seq2` int(11) DEFAULT NULL,
  `Seq3` int(11) DEFAULT NULL,
  `Seq4` int(11) DEFAULT NULL,
  `Seq5` int(11) DEFAULT NULL,
  `Seq6` int(11) DEFAULT NULL,
  `Seq7` int(11) DEFAULT NULL,
  `Seq8` int(11) DEFAULT NULL,
  `Seq9` int(11) DEFAULT NULL,
  `Seq10` int(11) DEFAULT NULL,
  `CFMID1` double DEFAULT NULL,
  `CFMID2` double DEFAULT NULL,
  `CFMID3` double DEFAULT NULL,
  `CFMID4` double DEFAULT NULL,
  `CFMID5` double DEFAULT NULL,
  `CFMID6` double DEFAULT NULL,
  `CFMID7` double DEFAULT NULL,
  `CFMID8` double DEFAULT NULL,
  `CFMID9` double DEFAULT NULL,
  `CFMID10` double DEFAULT NULL,
  `SeqCFMID1` double DEFAULT NULL,
  `SeqCFMID2` double DEFAULT NULL,
  `SeqCFMID3` double DEFAULT NULL,
  `SeqCFMID4` double DEFAULT NULL,
  `SeqCFMID5` double DEFAULT NULL,
  `SeqCFMID6` double DEFAULT NULL,
  `SeqCFMID7` double DEFAULT NULL,
  `SeqCFMID8` double DEFAULT NULL,
  `SeqCFMID9` double DEFAULT NULL,
  `SeqCFMID10` double DEFAULT NULL,
  `UsedFor` int(11) DEFAULT NULL,
  `SKUReq` bit(1) DEFAULT NULL,
  `THSNCode` varchar(30) DEFAULT NULL,
  `IsExciseApplicable` int(11) DEFAULT NULL,
  `PurchaseReturnAccountId` double DEFAULT NULL,
  `SalesReturnAccountId` double DEFAULT NULL,
  `IsConsiderForRateId1` int(11) DEFAULT NULL,
  `IsConsiderForRateId2` int(11) DEFAULT NULL,
  `IsConsiderForRateId3` int(11) DEFAULT NULL,
  `IsConsiderForRateId4` int(11) DEFAULT NULL,
  `IsConsiderForRateId5` int(11) DEFAULT NULL,
  `IsConsiderForRateId6` int(11) DEFAULT NULL,
  `IsConsiderForRateId7` int(11) DEFAULT NULL,
  `IsConsiderForRateId8` int(11) DEFAULT NULL,
  `IsConsiderForRateId9` int(11) DEFAULT NULL,
  `IsConsiderForRateId10` int(11) DEFAULT NULL,
  `ProductMasterId` double DEFAULT NULL,
  `ProductType` varchar(10) DEFAULT NULL,
  `IncomeAccountId` double DEFAULT NULL,
  `ExpenseAccountId` double DEFAULT NULL,
  `ReqItemDescription` int(11) DEFAULT NULL,
  `LumpsumpPct` double DEFAULT NULL,
  `RateAttributeMasterId` double DEFAULT NULL,
  `ComodityName_402` mediumtext,
  `UnitName_402` varchar(20) DEFAULT NULL,
  `eForm402Type` varchar(10) DEFAULT NULL,
  `IsConsiderForStockValuation` int(11) DEFAULT NULL,
  `ClassificationWiseSettleRequired` int(11) DEFAULT NULL,
  `ReqUSF` int(11) DEFAULT NULL,
  `MUStockId` double DEFAULT NULL,
  `GSTProductType` double DEFAULT NULL,
  `GSTHSNSACId` double DEFAULT NULL
) ENGINE=InnoDB DEFAULT CHARSET=latin1;

-- --------------------------------------------------------

--
-- Table structure for table `product_option`
--

CREATE TABLE IF NOT EXISTS `product_option` (
  `product_option_id` int(11) NOT NULL AUTO_INCREMENT,
  `admin_id` int(20) NOT NULL,
  `product_id` int(11) DEFAULT '0',
  `category_id` int(11) DEFAULT '0',
  `sub_category_id` int(11) DEFAULT '0',
  `option_id` int(11) DEFAULT '0',
  `option_parent_id` int(11) DEFAULT '0',
  `product_option_stock` float DEFAULT NULL,
  `create_date` timestamp NULL DEFAULT CURRENT_TIMESTAMP,
  PRIMARY KEY (`product_option_id`)
) ENGINE=InnoDB  DEFAULT CHARSET=latin1 AUTO_INCREMENT=2055 ;

--
-- Dumping data for table `product_option`
--

INSERT INTO `product_option` (`product_option_id`, `admin_id`, `product_id`, `category_id`, `sub_category_id`, `option_id`, `option_parent_id`, `product_option_stock`, `create_date`) VALUES
(362, 0, 5, 28, 39, 6, 1, 10, '2016-12-23 23:15:07'),
(363, 0, 5, 28, 39, 0, 0, 0, '2016-12-23 23:15:07'),
(364, 0, 5, 28, 39, 0, 0, 0, '2016-12-23 23:15:07'),
(365, 0, 5, 28, 39, 0, 0, 0, '2016-12-23 23:15:07'),
(370, 0, 52, 28, 39, 6, 1, 20, '2016-12-23 23:28:31'),
(371, 0, 52, 28, 39, 0, 0, 0, '2016-12-23 23:28:31'),
(372, 0, 52, 28, 39, 0, 0, 0, '2016-12-23 23:28:31'),
(373, 0, 52, 28, 39, 0, 0, 0, '2016-12-23 23:28:31'),
(402, 0, 60, 28, 39, 6, 1, 40, '2016-12-23 23:42:24'),
(403, 0, 60, 28, 39, 0, 0, 0, '2016-12-23 23:42:24'),
(404, 0, 60, 28, 39, 0, 0, 0, '2016-12-23 23:42:24'),
(405, 0, 60, 28, 39, 0, 0, 0, '2016-12-23 23:42:25'),
(406, 0, 61, 28, 39, 6, 1, 30, '2016-12-23 23:44:09'),
(407, 0, 61, 28, 39, 0, 0, 0, '2016-12-23 23:44:09'),
(408, 0, 61, 28, 39, 0, 0, 0, '2016-12-23 23:44:09'),
(409, 0, 61, 28, 39, 0, 0, 0, '2016-12-23 23:44:09'),
(410, 0, 62, 28, 39, 6, 1, 30, '2016-12-23 23:45:28'),
(411, 0, 62, 28, 39, 0, 0, 0, '2016-12-23 23:45:28'),
(412, 0, 62, 28, 39, 0, 0, 0, '2016-12-23 23:45:28'),
(413, 0, 62, 28, 39, 0, 0, 0, '2016-12-23 23:45:28'),
(414, 0, 63, 28, 39, 6, 1, 30, '2016-12-23 23:46:25'),
(415, 0, 63, 28, 39, 0, 0, 0, '2016-12-23 23:46:25'),
(416, 0, 63, 28, 39, 0, 0, 0, '2016-12-23 23:46:25'),
(417, 0, 63, 28, 39, 0, 0, 0, '2016-12-23 23:46:25'),
(830, 0, 142, 28, 50, 6, 1, 70, '2016-12-24 02:13:14'),
(831, 0, 142, 28, 50, 0, 0, 0, '2016-12-24 02:13:14'),
(832, 0, 142, 28, 50, 0, 0, 0, '2016-12-24 02:13:14'),
(833, 0, 142, 28, 50, 0, 0, 0, '2016-12-24 02:13:14'),
(910, 0, 48, 28, 37, 0, 0, 0, '2017-03-08 23:48:45'),
(911, 0, 48, 28, 37, 3, 2, 110, '2017-03-08 23:48:45'),
(912, 0, 48, 28, 37, 4, 2, 220, '2017-03-08 23:48:45'),
(913, 0, 48, 28, 37, 5, 2, 440, '2017-03-08 23:48:45'),
(998, 0, 45, 28, 38, 0, 0, 0, '2017-03-09 00:04:41'),
(999, 0, 45, 28, 38, 3, 2, 140, '2017-03-09 00:04:41'),
(1000, 0, 45, 28, 38, 4, 2, 280, '2017-03-09 00:04:41'),
(1001, 0, 45, 28, 38, 5, 2, 560, '2017-03-09 00:04:41'),
(1002, 0, 46, 28, 38, 0, 0, 0, '2017-03-09 00:05:07'),
(1003, 0, 46, 28, 38, 3, 2, 110, '2017-03-09 00:05:07'),
(1004, 0, 46, 28, 38, 4, 2, 220, '2017-03-09 00:05:07'),
(1005, 0, 46, 28, 38, 5, 2, 440, '2017-03-09 00:05:07'),
(1074, 0, 75, 28, 41, 0, 0, 0, '2017-03-09 00:28:11'),
(1075, 0, 75, 28, 41, 3, 2, 90, '2017-03-09 00:28:11'),
(1076, 0, 75, 28, 41, 4, 2, 180, '2017-03-09 00:28:11'),
(1077, 0, 75, 28, 41, 5, 2, 360, '2017-03-09 00:28:11'),
(1090, 0, 79, 28, 41, 0, 0, 0, '2017-03-09 00:29:54'),
(1091, 0, 79, 28, 41, 3, 2, 110, '2017-03-09 00:29:54'),
(1092, 0, 79, 28, 41, 4, 2, 220, '2017-03-09 00:29:54'),
(1093, 0, 79, 28, 41, 5, 2, 440, '2017-03-09 00:29:54'),
(1122, 0, 87, 28, 41, 0, 0, 0, '2017-03-09 00:34:53'),
(1123, 0, 87, 28, 41, 3, 2, 90, '2017-03-09 00:34:53'),
(1124, 0, 87, 28, 41, 4, 2, 180, '2017-03-09 00:34:53'),
(1125, 0, 87, 28, 41, 5, 2, 360, '2017-03-09 00:34:53'),
(1146, 0, 92, 28, 43, 6, 1, 30, '2017-03-09 00:37:03'),
(1147, 0, 92, 28, 43, 0, 0, 0, '2017-03-09 00:37:03'),
(1148, 0, 92, 28, 43, 0, 0, 0, '2017-03-09 00:37:03'),
(1149, 0, 92, 28, 43, 0, 0, 0, '2017-03-09 00:37:03'),
(1254, 0, 111, 28, 45, 6, 1, 40, '2017-03-09 00:45:05'),
(1255, 0, 111, 28, 45, 0, 0, 0, '2017-03-09 00:45:05'),
(1256, 0, 111, 28, 45, 0, 0, 0, '2017-03-09 00:45:05'),
(1257, 0, 111, 28, 45, 0, 0, 0, '2017-03-09 00:45:05'),
(1266, 0, 20, 28, 46, 6, 1, 80, '2017-03-09 00:46:08'),
(1267, 0, 20, 28, 46, 0, 0, 0, '2017-03-09 00:46:08'),
(1268, 0, 20, 28, 46, 0, 0, 0, '2017-03-09 00:46:08'),
(1269, 0, 20, 28, 46, 0, 0, 0, '2017-03-09 00:46:08'),
(1294, 0, 121, 28, 48, 6, 1, 80, '2017-03-09 00:48:00'),
(1295, 0, 121, 28, 48, 0, 0, 0, '2017-03-09 00:48:00'),
(1296, 0, 121, 28, 48, 0, 0, 0, '2017-03-09 00:48:00'),
(1297, 0, 121, 28, 48, 0, 0, 0, '2017-03-09 00:48:00'),
(1318, 0, 23, 28, 49, 6, 1, 70, '2017-03-09 00:50:11'),
(1319, 0, 23, 28, 49, 0, 0, 0, '2017-03-09 00:50:11'),
(1320, 0, 23, 28, 49, 0, 0, 0, '2017-03-09 00:50:11'),
(1321, 0, 23, 28, 49, 0, 0, 0, '2017-03-09 00:50:11'),
(1322, 0, 24, 28, 49, 6, 1, 70, '2017-03-09 00:50:22'),
(1323, 0, 24, 28, 49, 0, 0, 0, '2017-03-09 00:50:22'),
(1324, 0, 24, 28, 49, 0, 0, 0, '2017-03-09 00:50:22'),
(1325, 0, 24, 28, 49, 0, 0, 0, '2017-03-09 00:50:22'),
(1326, 0, 127, 28, 49, 6, 1, 80, '2017-03-09 00:50:38'),
(1327, 0, 127, 28, 49, 0, 0, 0, '2017-03-09 00:50:38'),
(1328, 0, 127, 28, 49, 0, 0, 0, '2017-03-09 00:50:38'),
(1329, 0, 127, 28, 49, 0, 0, 0, '2017-03-09 00:50:38'),
(1330, 0, 128, 28, 49, 6, 1, 70, '2017-03-09 00:50:52'),
(1331, 0, 128, 28, 49, 0, 0, 0, '2017-03-09 00:50:52'),
(1332, 0, 128, 28, 49, 0, 0, 0, '2017-03-09 00:50:52'),
(1333, 0, 128, 28, 49, 0, 0, 0, '2017-03-09 00:50:52'),
(1334, 0, 129, 28, 49, 6, 1, 90, '2017-03-09 00:51:06'),
(1335, 0, 129, 28, 49, 0, 0, 0, '2017-03-09 00:51:06'),
(1336, 0, 129, 28, 49, 0, 0, 0, '2017-03-09 00:51:06'),
(1337, 0, 129, 28, 49, 0, 0, 0, '2017-03-09 00:51:06'),
(1338, 0, 130, 28, 49, 6, 1, 100, '2017-03-09 00:51:18'),
(1339, 0, 130, 28, 49, 0, 0, 0, '2017-03-09 00:51:18'),
(1340, 0, 130, 28, 49, 0, 0, 0, '2017-03-09 00:51:18'),
(1341, 0, 130, 28, 49, 0, 0, 0, '2017-03-09 00:51:18'),
(1358, 0, 115, 28, 52, 6, 1, 130, '2017-07-08 11:07:05'),
(1359, 0, 115, 28, 52, 0, 0, 0, '2017-07-08 11:07:05'),
(1360, 0, 115, 28, 52, 0, 0, 0, '2017-07-08 11:07:05'),
(1361, 0, 115, 28, 52, 0, 0, 0, '2017-07-08 11:07:06'),
(1362, 0, 116, 28, 52, 6, 1, 120, '2017-07-08 11:07:20'),
(1363, 0, 116, 28, 52, 0, 0, 0, '2017-07-08 11:07:20'),
(1364, 0, 116, 28, 52, 0, 0, 0, '2017-07-08 11:07:20'),
(1365, 0, 116, 28, 52, 0, 0, 0, '2017-07-08 11:07:20'),
(1366, 0, 7, 28, 40, 6, 1, 25, '2017-07-08 11:08:48'),
(1367, 0, 7, 28, 40, 0, 0, 0, '2017-07-08 11:08:48'),
(1368, 0, 7, 28, 40, 0, 0, 0, '2017-07-08 11:08:48'),
(1369, 0, 7, 28, 40, 0, 0, 0, '2017-07-08 11:08:48'),
(1370, 0, 65, 28, 40, 6, 1, 25, '2017-07-08 11:08:58'),
(1371, 0, 65, 28, 40, 0, 0, 0, '2017-07-08 11:08:58'),
(1372, 0, 65, 28, 40, 0, 0, 0, '2017-07-08 11:08:58'),
(1373, 0, 65, 28, 40, 0, 0, 0, '2017-07-08 11:08:58'),
(1374, 0, 64, 28, 40, 6, 1, 25, '2017-07-08 11:09:17'),
(1375, 0, 64, 28, 40, 0, 0, 0, '2017-07-08 11:09:17'),
(1376, 0, 64, 28, 40, 0, 0, 0, '2017-07-08 11:09:17'),
(1377, 0, 64, 28, 40, 0, 0, 0, '2017-07-08 11:09:17'),
(1378, 0, 8, 28, 40, 6, 1, 25, '2017-07-08 11:09:32'),
(1379, 0, 8, 28, 40, 0, 0, 0, '2017-07-08 11:09:32'),
(1380, 0, 8, 28, 40, 0, 0, 0, '2017-07-08 11:09:32'),
(1381, 0, 8, 28, 40, 0, 0, 0, '2017-07-08 11:09:32'),
(1382, 0, 66, 28, 40, 6, 1, 25, '2017-07-08 11:09:43'),
(1383, 0, 66, 28, 40, 0, 0, 0, '2017-07-08 11:09:43'),
(1384, 0, 66, 28, 40, 0, 0, 0, '2017-07-08 11:09:43'),
(1385, 0, 66, 28, 40, 0, 0, 0, '2017-07-08 11:09:43'),
(1386, 0, 67, 28, 40, 6, 1, 25, '2017-07-08 11:09:59'),
(1387, 0, 67, 28, 40, 0, 0, 0, '2017-07-08 11:09:59'),
(1388, 0, 67, 28, 40, 0, 0, 0, '2017-07-08 11:09:59'),
(1389, 0, 67, 28, 40, 0, 0, 0, '2017-07-08 11:09:59'),
(1390, 0, 19, 28, 46, 6, 1, 70, '2017-07-08 11:30:26'),
(1391, 0, 19, 28, 46, 0, 0, 0, '2017-07-08 11:30:26'),
(1392, 0, 19, 28, 46, 0, 0, 0, '2017-07-08 11:30:26'),
(1393, 0, 19, 28, 46, 0, 0, 0, '2017-07-08 11:30:26'),
(1394, 0, 118, 28, 46, 6, 1, 80, '2017-07-08 11:31:14'),
(1395, 0, 118, 28, 46, 0, 0, 0, '2017-07-08 11:31:14'),
(1396, 0, 118, 28, 46, 0, 0, 0, '2017-07-08 11:31:14'),
(1397, 0, 118, 28, 46, 0, 0, 0, '2017-07-08 11:31:14'),
(1398, 0, 117, 28, 46, 6, 1, 80, '2017-07-08 11:31:39'),
(1399, 0, 117, 28, 46, 0, 0, 0, '2017-07-08 11:31:39'),
(1400, 0, 117, 28, 46, 0, 0, 0, '2017-07-08 11:31:39'),
(1401, 0, 117, 28, 46, 0, 0, 0, '2017-07-08 11:31:39'),
(1402, 0, 119, 28, 46, 6, 1, 90, '2017-07-08 11:32:11'),
(1403, 0, 119, 28, 46, 0, 0, 0, '2017-07-08 11:32:11'),
(1404, 0, 119, 28, 46, 0, 0, 0, '2017-07-08 11:32:11'),
(1405, 0, 119, 28, 46, 0, 0, 0, '2017-07-08 11:32:11'),
(1406, 0, 120, 28, 46, 6, 1, 80, '2017-07-08 11:32:30'),
(1407, 0, 120, 28, 46, 0, 0, 0, '2017-07-08 11:32:30'),
(1408, 0, 120, 28, 46, 0, 0, 0, '2017-07-08 11:32:30'),
(1409, 0, 120, 28, 46, 0, 0, 0, '2017-07-08 11:32:30'),
(1410, 0, 6, 28, 39, 6, 1, 25, '2017-07-08 11:33:04'),
(1411, 0, 6, 28, 39, 0, 0, 0, '2017-07-08 11:33:04'),
(1412, 0, 6, 28, 39, 0, 0, 0, '2017-07-08 11:33:04'),
(1413, 0, 6, 28, 39, 0, 0, 0, '2017-07-08 11:33:04'),
(1414, 0, 53, 28, 39, 6, 1, 40, '2017-07-08 11:33:41'),
(1415, 0, 53, 28, 39, 0, 0, 0, '2017-07-08 11:33:41'),
(1416, 0, 53, 28, 39, 0, 0, 0, '2017-07-08 11:33:41'),
(1417, 0, 53, 28, 39, 0, 0, 0, '2017-07-08 11:33:41'),
(1422, 0, 3, 28, 38, 0, 0, 0, '2017-07-08 11:36:34'),
(1423, 0, 3, 28, 38, 3, 2, 120, '2017-07-08 11:36:34'),
(1424, 0, 3, 28, 38, 4, 2, 240, '2017-07-08 11:36:34'),
(1425, 0, 3, 28, 38, 5, 2, 450, '2017-07-08 11:36:34'),
(1426, 0, 4, 28, 38, 0, 0, 0, '2017-07-08 11:37:02'),
(1427, 0, 4, 28, 38, 3, 2, 130, '2017-07-08 11:37:02'),
(1428, 0, 4, 28, 38, 4, 2, 260, '2017-07-08 11:37:02'),
(1429, 0, 4, 28, 38, 5, 2, 480, '2017-07-08 11:37:02'),
(1430, 0, 29, 28, 38, 0, 0, 0, '2017-07-08 11:37:33'),
(1431, 0, 29, 28, 38, 3, 2, 130, '2017-07-08 11:37:33'),
(1432, 0, 29, 28, 38, 4, 2, 260, '2017-07-08 11:37:33'),
(1433, 0, 29, 28, 38, 5, 2, 480, '2017-07-08 11:37:33'),
(1434, 0, 30, 28, 38, 0, 0, 0, '2017-07-08 11:38:01'),
(1435, 0, 30, 28, 38, 3, 2, 130, '2017-07-08 11:38:02'),
(1436, 0, 30, 28, 38, 4, 2, 260, '2017-07-08 11:38:02'),
(1437, 0, 30, 28, 38, 5, 2, 480, '2017-07-08 11:38:02'),
(1438, 0, 31, 28, 38, 0, 0, 0, '2017-07-08 11:38:33'),
(1439, 0, 31, 28, 38, 3, 2, 130, '2017-07-08 11:38:33'),
(1440, 0, 31, 28, 38, 4, 2, 260, '2017-07-08 11:38:33'),
(1441, 0, 31, 28, 38, 5, 2, 480, '2017-07-08 11:38:33'),
(1442, 0, 32, 28, 38, 0, 0, 0, '2017-07-08 11:39:08'),
(1443, 0, 32, 28, 38, 3, 2, 130, '2017-07-08 11:39:08'),
(1444, 0, 32, 28, 38, 4, 2, 260, '2017-07-08 11:39:08'),
(1445, 0, 32, 28, 38, 5, 2, 460, '2017-07-08 11:39:08'),
(1446, 0, 33, 28, 38, 0, 0, 0, '2017-07-08 11:39:58'),
(1447, 0, 33, 28, 38, 3, 2, 140, '2017-07-08 11:39:58'),
(1448, 0, 33, 28, 38, 4, 2, 280, '2017-07-08 11:39:58'),
(1449, 0, 33, 28, 38, 5, 2, 530, '2017-07-08 11:39:58'),
(1450, 0, 34, 28, 38, 0, 0, 0, '2017-07-08 11:40:32'),
(1451, 0, 34, 28, 38, 3, 2, 140, '2017-07-08 11:40:32'),
(1452, 0, 34, 28, 38, 4, 2, 280, '2017-07-08 11:40:32'),
(1453, 0, 34, 28, 38, 5, 2, 530, '2017-07-08 11:40:32'),
(1454, 0, 35, 28, 38, 0, 0, 0, '2017-07-08 11:41:14'),
(1455, 0, 35, 28, 38, 3, 2, 130, '2017-07-08 11:41:14'),
(1456, 0, 35, 28, 38, 4, 2, 260, '2017-07-08 11:41:14'),
(1457, 0, 35, 28, 38, 5, 2, 460, '2017-07-08 11:41:14'),
(1458, 0, 36, 28, 38, 0, 0, 0, '2017-07-08 11:42:35'),
(1459, 0, 36, 28, 38, 3, 2, 140, '2017-07-08 11:42:35'),
(1460, 0, 36, 28, 38, 4, 2, 280, '2017-07-08 11:42:35'),
(1461, 0, 36, 28, 38, 5, 2, 530, '2017-07-08 11:42:35'),
(1462, 0, 37, 28, 38, 0, 0, 0, '2017-07-08 11:43:20'),
(1463, 0, 37, 28, 38, 3, 2, 130, '2017-07-08 11:43:20'),
(1464, 0, 37, 28, 38, 4, 2, 260, '2017-07-08 11:43:20'),
(1465, 0, 37, 28, 38, 5, 2, 460, '2017-07-08 11:43:20'),
(1466, 0, 38, 28, 38, 0, 0, 0, '2017-07-08 11:44:17'),
(1467, 0, 38, 28, 38, 3, 2, 140, '2017-07-08 11:44:17'),
(1468, 0, 38, 28, 38, 4, 2, 280, '2017-07-08 11:44:17'),
(1469, 0, 38, 28, 38, 5, 2, 540, '2017-07-08 11:44:17'),
(1470, 0, 39, 28, 38, 0, 0, 0, '2017-07-08 11:44:50'),
(1471, 0, 39, 28, 38, 3, 2, 120, '2017-07-08 11:44:50'),
(1472, 0, 39, 28, 38, 4, 2, 240, '2017-07-08 11:44:50'),
(1473, 0, 39, 28, 38, 5, 2, 450, '2017-07-08 11:44:50'),
(1474, 0, 40, 28, 38, 0, 0, 0, '2017-07-08 11:53:59'),
(1475, 0, 40, 28, 38, 3, 2, 150, '2017-07-08 11:53:59'),
(1476, 0, 40, 28, 38, 4, 2, 300, '2017-07-08 11:53:59'),
(1477, 0, 40, 28, 38, 5, 2, 560, '2017-07-08 11:53:59'),
(1478, 0, 41, 28, 38, 0, 0, 0, '2017-07-08 11:54:45'),
(1479, 0, 41, 28, 38, 3, 2, 130, '2017-07-08 11:54:45'),
(1480, 0, 41, 28, 38, 4, 2, 260, '2017-07-08 11:54:45'),
(1481, 0, 41, 28, 38, 5, 2, 460, '2017-07-08 11:54:45'),
(1482, 0, 42, 28, 38, 0, 0, 0, '2017-07-08 11:55:16'),
(1483, 0, 42, 28, 38, 3, 2, 130, '2017-07-08 11:55:16'),
(1484, 0, 42, 28, 38, 4, 2, 260, '2017-07-08 11:55:16'),
(1485, 0, 42, 28, 38, 5, 2, 460, '2017-07-08 11:55:16'),
(1486, 0, 43, 28, 38, 0, 0, 0, '2017-07-08 11:57:37'),
(1487, 0, 43, 28, 38, 3, 2, 130, '2017-07-08 11:57:37'),
(1488, 0, 43, 28, 38, 4, 2, 260, '2017-07-08 11:57:37'),
(1489, 0, 43, 28, 38, 5, 2, 460, '2017-07-08 11:57:37'),
(1490, 0, 44, 28, 38, 0, 0, 0, '2017-07-08 11:58:12'),
(1491, 0, 44, 28, 38, 3, 2, 130, '2017-07-08 11:58:12'),
(1492, 0, 44, 28, 38, 4, 2, 260, '2017-07-08 11:58:12'),
(1493, 0, 44, 28, 38, 5, 2, 460, '2017-07-08 11:58:12'),
(1494, 0, 9, 28, 41, 0, 0, 0, '2017-07-08 11:59:50'),
(1495, 0, 9, 28, 41, 3, 2, 110, '2017-07-08 11:59:50'),
(1496, 0, 9, 28, 41, 4, 2, 220, '2017-07-08 11:59:50'),
(1497, 0, 9, 28, 41, 5, 2, 420, '2017-07-08 11:59:50'),
(1498, 0, 10, 28, 41, 0, 0, 0, '2017-07-08 12:00:15'),
(1499, 0, 10, 28, 41, 3, 2, 120, '2017-07-08 12:00:15'),
(1500, 0, 10, 28, 41, 4, 2, 240, '2017-07-08 12:00:15'),
(1501, 0, 10, 28, 41, 5, 2, 450, '2017-07-08 12:00:15'),
(1502, 0, 69, 28, 41, 0, 0, 0, '2017-07-08 12:00:54'),
(1503, 0, 69, 28, 41, 3, 2, 110, '2017-07-08 12:00:54'),
(1504, 0, 69, 28, 41, 4, 2, 220, '2017-07-08 12:00:54'),
(1505, 0, 69, 28, 41, 5, 2, 410, '2017-07-08 12:00:54'),
(1506, 0, 70, 28, 41, 0, 0, 0, '2017-07-08 12:01:31'),
(1507, 0, 70, 28, 41, 3, 2, 110, '2017-07-08 12:01:31'),
(1508, 0, 70, 28, 41, 4, 2, 220, '2017-07-08 12:01:31'),
(1509, 0, 70, 28, 41, 5, 2, 410, '2017-07-08 12:01:32'),
(1510, 0, 71, 28, 41, 0, 0, 0, '2017-07-08 12:04:16'),
(1511, 0, 71, 28, 41, 3, 2, 120, '2017-07-08 12:04:16'),
(1512, 0, 71, 28, 41, 4, 2, 240, '2017-07-08 12:04:16'),
(1513, 0, 71, 28, 41, 5, 2, 450, '2017-07-08 12:04:16'),
(1514, 0, 72, 28, 41, 0, 0, 0, '2017-07-08 12:04:55'),
(1515, 0, 72, 28, 41, 3, 2, 110, '2017-07-08 12:04:55'),
(1516, 0, 72, 28, 41, 4, 2, 220, '2017-07-08 12:04:55'),
(1517, 0, 72, 28, 41, 5, 2, 410, '2017-07-08 12:04:55'),
(1518, 0, 73, 28, 41, 0, 0, 0, '2017-07-08 12:05:33'),
(1519, 0, 73, 28, 41, 3, 2, 120, '2017-07-08 12:05:33'),
(1520, 0, 73, 28, 41, 4, 2, 240, '2017-07-08 12:05:33'),
(1521, 0, 73, 28, 41, 5, 2, 450, '2017-07-08 12:05:33'),
(1522, 0, 74, 28, 41, 0, 0, 0, '2017-07-08 12:06:13'),
(1523, 0, 74, 28, 41, 3, 2, 110, '2017-07-08 12:06:13'),
(1524, 0, 74, 28, 41, 4, 2, 220, '2017-07-08 12:06:13'),
(1525, 0, 74, 28, 41, 5, 2, 410, '2017-07-08 12:06:13'),
(1526, 0, 76, 28, 41, 0, 0, 0, '2017-07-08 12:07:04'),
(1527, 0, 76, 28, 41, 3, 2, 110, '2017-07-08 12:07:04'),
(1528, 0, 76, 28, 41, 4, 2, 220, '2017-07-08 12:07:04'),
(1529, 0, 76, 28, 41, 5, 2, 420, '2017-07-08 12:07:04'),
(1530, 0, 77, 28, 41, 0, 0, 0, '2017-07-08 12:07:44'),
(1531, 0, 77, 28, 41, 3, 2, 110, '2017-07-08 12:07:44'),
(1532, 0, 77, 28, 41, 4, 2, 220, '2017-07-08 12:07:44'),
(1533, 0, 77, 28, 41, 5, 2, 420, '2017-07-08 12:07:44'),
(1534, 0, 78, 28, 41, 0, 0, 0, '2017-07-08 12:08:24'),
(1535, 0, 78, 28, 41, 3, 2, 110, '2017-07-08 12:08:24'),
(1536, 0, 78, 28, 41, 4, 2, 220, '2017-07-08 12:08:24'),
(1537, 0, 78, 28, 41, 5, 2, 420, '2017-07-08 12:08:24'),
(1538, 0, 80, 28, 41, 0, 0, 0, '2017-07-08 12:09:07'),
(1539, 0, 80, 28, 41, 3, 2, 130, '2017-07-08 12:09:07'),
(1540, 0, 80, 28, 41, 4, 2, 260, '2017-07-08 12:09:07'),
(1541, 0, 80, 28, 41, 5, 2, 480, '2017-07-08 12:09:07'),
(1546, 0, 81, 28, 41, 0, 0, 0, '2017-07-08 12:10:02'),
(1547, 0, 81, 28, 41, 3, 2, 110, '2017-07-08 12:10:02'),
(1548, 0, 81, 28, 41, 4, 2, 220, '2017-07-08 12:10:02'),
(1549, 0, 81, 28, 41, 5, 2, 410, '2017-07-08 12:10:02'),
(1550, 0, 82, 28, 41, 0, 0, 0, '2017-07-08 12:10:34'),
(1551, 0, 82, 28, 41, 3, 2, 110, '2017-07-08 12:10:34'),
(1552, 0, 82, 28, 41, 4, 2, 220, '2017-07-08 12:10:34'),
(1553, 0, 82, 28, 41, 5, 2, 420, '2017-07-08 12:10:34'),
(1554, 0, 83, 28, 41, 0, 0, 0, '2017-07-08 12:11:07'),
(1555, 0, 83, 28, 41, 3, 2, 140, '2017-07-08 12:11:07'),
(1556, 0, 83, 28, 41, 4, 2, 280, '2017-07-08 12:11:07'),
(1557, 0, 83, 28, 41, 5, 2, 540, '2017-07-08 12:11:07'),
(1558, 0, 84, 28, 41, 0, 0, 0, '2017-07-08 12:11:50'),
(1559, 0, 84, 28, 41, 3, 2, 130, '2017-07-08 12:11:50'),
(1560, 0, 84, 28, 41, 4, 2, 260, '2017-07-08 12:11:50'),
(1561, 0, 84, 28, 41, 5, 2, 580, '2017-07-08 12:11:50'),
(1562, 0, 85, 28, 41, 0, 0, 0, '2017-07-08 12:12:22'),
(1563, 0, 85, 28, 41, 3, 2, 120, '2017-07-08 12:12:22'),
(1564, 0, 85, 28, 41, 4, 2, 240, '2017-07-08 12:12:22'),
(1565, 0, 85, 28, 41, 5, 2, 450, '2017-07-08 12:12:22'),
(1566, 0, 86, 28, 41, 0, 0, 0, '2017-07-08 12:14:12'),
(1567, 0, 86, 28, 41, 3, 2, 110, '2017-07-08 12:14:12'),
(1568, 0, 86, 28, 41, 4, 2, 220, '2017-07-08 12:14:12'),
(1569, 0, 86, 28, 41, 5, 2, 420, '2017-07-08 12:14:12'),
(1570, 0, 88, 28, 41, 0, 0, 0, '2017-07-08 12:14:45'),
(1571, 0, 88, 28, 41, 3, 2, 120, '2017-07-08 12:14:45'),
(1572, 0, 88, 28, 41, 4, 2, 240, '2017-07-08 12:14:45'),
(1573, 0, 88, 28, 41, 5, 2, 450, '2017-07-08 12:14:45'),
(1574, 0, 15, 28, 44, 0, 0, 0, '2017-07-08 12:15:20'),
(1575, 0, 15, 28, 44, 3, 2, 140, '2017-07-08 12:15:20'),
(1576, 0, 15, 28, 44, 4, 2, 280, '2017-07-08 12:15:20'),
(1577, 0, 15, 28, 44, 5, 2, 530, '2017-07-08 12:15:20'),
(1578, 0, 16, 28, 44, 0, 0, 0, '2017-07-08 12:15:51'),
(1579, 0, 16, 28, 44, 3, 2, 130, '2017-07-08 12:15:51'),
(1580, 0, 16, 28, 44, 4, 2, 260, '2017-07-08 12:15:51'),
(1581, 0, 16, 28, 44, 5, 2, 500, '2017-07-08 12:15:51'),
(1582, 0, 11, 28, 42, 0, 0, 0, '2017-07-08 12:16:16'),
(1583, 0, 11, 28, 42, 3, 2, 80, '2017-07-08 12:16:16'),
(1584, 0, 11, 28, 42, 4, 2, 160, '2017-07-08 12:16:16'),
(1585, 0, 11, 28, 42, 5, 2, 300, '2017-07-08 12:16:16'),
(1586, 0, 12, 28, 42, 0, 0, 0, '2017-07-08 12:16:40'),
(1587, 0, 12, 28, 42, 3, 2, 90, '2017-07-08 12:16:40'),
(1588, 0, 12, 28, 42, 4, 2, 180, '2017-07-08 12:16:40'),
(1589, 0, 12, 28, 42, 5, 2, 340, '2017-07-08 12:16:40'),
(1590, 0, 68, 28, 42, 0, 0, 0, '2017-07-08 12:17:03'),
(1591, 0, 68, 28, 42, 3, 2, 100, '2017-07-08 12:17:03'),
(1592, 0, 68, 28, 42, 4, 2, 200, '2017-07-08 12:17:03'),
(1593, 0, 68, 28, 42, 5, 2, 380, '2017-07-08 12:17:03'),
(1594, 0, 13, 28, 43, 6, 1, 20, '2017-07-08 12:17:33'),
(1595, 0, 13, 28, 43, 0, 0, 0, '2017-07-08 12:17:33'),
(1596, 0, 13, 28, 43, 0, 0, 0, '2017-07-08 12:17:33'),
(1597, 0, 13, 28, 43, 0, 0, 0, '2017-07-08 12:17:33'),
(1598, 0, 14, 28, 43, 6, 1, 25, '2017-07-08 12:17:52'),
(1599, 0, 14, 28, 43, 0, 0, 0, '2017-07-08 12:17:52'),
(1600, 0, 14, 28, 43, 0, 0, 0, '2017-07-08 12:17:52'),
(1601, 0, 14, 28, 43, 0, 0, 0, '2017-07-08 12:17:52'),
(1602, 0, 89, 28, 43, 6, 1, 25, '2017-07-08 12:18:09'),
(1603, 0, 89, 28, 43, 0, 0, 0, '2017-07-08 12:18:09'),
(1604, 0, 89, 28, 43, 0, 0, 0, '2017-07-08 12:18:09'),
(1605, 0, 89, 28, 43, 0, 0, 0, '2017-07-08 12:18:09'),
(1606, 0, 90, 28, 43, 6, 1, 30, '2017-07-08 12:18:23'),
(1607, 0, 90, 28, 43, 0, 0, 0, '2017-07-08 12:18:23'),
(1608, 0, 90, 28, 43, 0, 0, 0, '2017-07-08 12:18:23'),
(1609, 0, 90, 28, 43, 0, 0, 0, '2017-07-08 12:18:23'),
(1610, 0, 91, 28, 43, 6, 1, 25, '2017-07-08 12:18:39'),
(1611, 0, 91, 28, 43, 0, 0, 0, '2017-07-08 12:18:39'),
(1612, 0, 91, 28, 43, 0, 0, 0, '2017-07-08 12:18:39'),
(1613, 0, 91, 28, 43, 0, 0, 0, '2017-07-08 12:18:39'),
(1614, 0, 93, 28, 43, 6, 1, 40, '2017-07-08 12:19:11'),
(1615, 0, 93, 28, 43, 0, 0, 0, '2017-07-08 12:19:11'),
(1616, 0, 93, 28, 43, 0, 0, 0, '2017-07-08 12:19:11'),
(1617, 0, 93, 28, 43, 0, 0, 0, '2017-07-08 12:19:11'),
(1618, 0, 94, 28, 43, 6, 1, 45, '2017-07-08 12:19:32'),
(1619, 0, 94, 28, 43, 0, 0, 0, '2017-07-08 12:19:32'),
(1620, 0, 94, 28, 43, 0, 0, 0, '2017-07-08 12:19:32'),
(1621, 0, 94, 28, 43, 0, 0, 0, '2017-07-08 12:19:32'),
(1622, 0, 95, 28, 43, 6, 1, 45, '2017-07-08 12:19:48'),
(1623, 0, 95, 28, 43, 0, 0, 0, '2017-07-08 12:19:48'),
(1624, 0, 95, 28, 43, 0, 0, 0, '2017-07-08 12:19:48'),
(1625, 0, 95, 28, 43, 0, 0, 0, '2017-07-08 12:19:48'),
(1626, 0, 96, 28, 43, 6, 1, 35, '2017-07-08 12:20:06'),
(1627, 0, 96, 28, 43, 0, 0, 0, '2017-07-08 12:20:06'),
(1628, 0, 96, 28, 43, 0, 0, 0, '2017-07-08 12:20:06'),
(1629, 0, 96, 28, 43, 0, 0, 0, '2017-07-08 12:20:06'),
(1630, 0, 97, 28, 43, 6, 1, 40, '2017-07-08 12:20:21'),
(1631, 0, 97, 28, 43, 0, 0, 0, '2017-07-08 12:20:21'),
(1632, 0, 97, 28, 43, 0, 0, 0, '2017-07-08 12:20:22'),
(1633, 0, 97, 28, 43, 0, 0, 0, '2017-07-08 12:20:22'),
(1634, 0, 98, 28, 43, 6, 1, 35, '2017-07-08 12:20:46'),
(1635, 0, 98, 28, 43, 0, 0, 0, '2017-07-08 12:20:46'),
(1636, 0, 98, 28, 43, 0, 0, 0, '2017-07-08 12:20:46'),
(1637, 0, 98, 28, 43, 0, 0, 0, '2017-07-08 12:20:46'),
(1638, 0, 99, 28, 43, 6, 1, 45, '2017-07-08 12:21:01'),
(1639, 0, 99, 28, 43, 0, 0, 0, '2017-07-08 12:21:01'),
(1640, 0, 99, 28, 43, 0, 0, 0, '2017-07-08 12:21:01'),
(1641, 0, 99, 28, 43, 0, 0, 0, '2017-07-08 12:21:01'),
(1642, 0, 100, 28, 43, 6, 1, 45, '2017-07-08 12:21:20'),
(1643, 0, 100, 28, 43, 0, 0, 0, '2017-07-08 12:21:20'),
(1644, 0, 100, 28, 43, 0, 0, 0, '2017-07-08 12:21:20'),
(1645, 0, 100, 28, 43, 0, 0, 0, '2017-07-08 12:21:20'),
(1646, 0, 101, 28, 43, 6, 1, 45, '2017-07-08 12:21:38'),
(1647, 0, 101, 28, 43, 0, 0, 0, '2017-07-08 12:21:38'),
(1648, 0, 101, 28, 43, 0, 0, 0, '2017-07-08 12:21:38'),
(1649, 0, 101, 28, 43, 0, 0, 0, '2017-07-08 12:21:38'),
(1650, 0, 102, 28, 43, 6, 1, 30, '2017-07-08 12:22:16'),
(1651, 0, 102, 28, 43, 0, 0, 0, '2017-07-08 12:22:16'),
(1652, 0, 102, 28, 43, 0, 0, 0, '2017-07-08 12:22:16'),
(1653, 0, 102, 28, 43, 0, 0, 0, '2017-07-08 12:22:16'),
(1654, 0, 103, 28, 43, 6, 1, 40, '2017-07-08 12:22:29'),
(1655, 0, 103, 28, 43, 0, 0, 0, '2017-07-08 12:22:29'),
(1656, 0, 103, 28, 43, 0, 0, 0, '2017-07-08 12:22:29'),
(1657, 0, 103, 28, 43, 0, 0, 0, '2017-07-08 12:22:29'),
(1658, 0, 1, 28, 37, 0, 0, 0, '2017-07-08 12:23:02'),
(1659, 0, 1, 28, 37, 3, 2, 140, '2017-07-08 12:23:02'),
(1660, 0, 1, 28, 37, 4, 2, 280, '2017-07-08 12:23:02'),
(1661, 0, 1, 28, 37, 5, 2, 540, '2017-07-08 12:23:02'),
(1662, 0, 2, 28, 37, 0, 0, 0, '2017-07-08 12:23:31'),
(1663, 0, 2, 28, 37, 3, 2, 150, '2017-07-08 12:23:31'),
(1664, 0, 2, 28, 37, 4, 2, 300, '2017-07-08 12:23:31'),
(1665, 0, 2, 28, 37, 5, 2, 560, '2017-07-08 12:23:31'),
(1666, 0, 47, 28, 37, 0, 0, 0, '2017-07-08 12:24:06'),
(1667, 0, 47, 28, 37, 3, 2, 140, '2017-07-08 12:24:06'),
(1668, 0, 47, 28, 37, 4, 2, 280, '2017-07-08 12:24:06'),
(1669, 0, 47, 28, 37, 5, 2, 540, '2017-07-08 12:24:06'),
(1670, 0, 49, 28, 37, 0, 0, 0, '2017-07-08 12:24:35'),
(1671, 0, 49, 28, 37, 3, 2, 150, '2017-07-08 12:24:35'),
(1672, 0, 49, 28, 37, 4, 2, 300, '2017-07-08 12:24:35'),
(1673, 0, 49, 28, 37, 5, 2, 580, '2017-07-08 12:24:35'),
(1674, 0, 50, 28, 37, 0, 0, 0, '2017-07-08 12:25:21'),
(1675, 0, 50, 28, 37, 3, 2, 140, '2017-07-08 12:25:21'),
(1676, 0, 50, 28, 37, 4, 2, 280, '2017-07-08 12:25:21'),
(1677, 0, 50, 28, 37, 5, 2, 540, '2017-07-08 12:25:21'),
(1678, 0, 51, 28, 37, 0, 0, 0, '2017-07-08 12:26:13'),
(1679, 0, 51, 28, 37, 3, 2, 140, '2017-07-08 12:26:13'),
(1680, 0, 51, 28, 37, 4, 2, 280, '2017-07-08 12:26:13'),
(1681, 0, 51, 28, 37, 5, 2, 540, '2017-07-08 12:26:13'),
(1686, 0, 18, 28, 45, 6, 1, 100, '2017-07-08 12:26:58'),
(1687, 0, 18, 28, 45, 0, 0, 0, '2017-07-08 12:26:58'),
(1688, 0, 18, 28, 45, 0, 0, 0, '2017-07-08 12:26:58'),
(1689, 0, 18, 28, 45, 0, 0, 0, '2017-07-08 12:26:58'),
(1690, 0, 104, 28, 45, 6, 1, 100, '2017-07-08 12:27:14'),
(1691, 0, 104, 28, 45, 0, 0, 0, '2017-07-08 12:27:14'),
(1692, 0, 104, 28, 45, 0, 0, 0, '2017-07-08 12:27:14'),
(1693, 0, 104, 28, 45, 0, 0, 0, '2017-07-08 12:27:14'),
(1694, 0, 105, 28, 45, 6, 1, 120, '2017-07-08 12:27:29'),
(1695, 0, 105, 28, 45, 0, 0, 0, '2017-07-08 12:27:29'),
(1696, 0, 105, 28, 45, 0, 0, 0, '2017-07-08 12:27:29'),
(1697, 0, 105, 28, 45, 0, 0, 0, '2017-07-08 12:27:29'),
(1698, 0, 106, 28, 45, 6, 1, 100, '2017-07-08 12:27:47'),
(1699, 0, 106, 28, 45, 0, 0, 0, '2017-07-08 12:27:47'),
(1700, 0, 106, 28, 45, 0, 0, 0, '2017-07-08 12:27:48'),
(1701, 0, 106, 28, 45, 0, 0, 0, '2017-07-08 12:27:48'),
(1702, 0, 107, 28, 45, 6, 1, 90, '2017-07-08 12:28:07'),
(1703, 0, 107, 28, 45, 0, 0, 0, '2017-07-08 12:28:07'),
(1704, 0, 107, 28, 45, 0, 0, 0, '2017-07-08 12:28:08'),
(1705, 0, 107, 28, 45, 0, 0, 0, '2017-07-08 12:28:08'),
(1706, 0, 108, 28, 45, 6, 1, 110, '2017-07-08 12:28:24'),
(1707, 0, 108, 28, 45, 0, 0, 0, '2017-07-08 12:28:24'),
(1708, 0, 108, 28, 45, 0, 0, 0, '2017-07-08 12:28:24'),
(1709, 0, 108, 28, 45, 0, 0, 0, '2017-07-08 12:28:24'),
(1710, 0, 109, 28, 45, 6, 1, 70, '2017-07-08 12:28:54'),
(1711, 0, 109, 28, 45, 0, 0, 0, '2017-07-08 12:28:55'),
(1712, 0, 109, 28, 45, 0, 0, 0, '2017-07-08 12:28:55'),
(1713, 0, 109, 28, 45, 0, 0, 0, '2017-07-08 12:28:55'),
(1714, 0, 110, 28, 45, 6, 1, 60, '2017-07-08 12:29:19'),
(1715, 0, 110, 28, 45, 0, 0, 0, '2017-07-08 12:29:19'),
(1716, 0, 110, 28, 45, 0, 0, 0, '2017-07-08 12:29:19'),
(1717, 0, 110, 28, 45, 0, 0, 0, '2017-07-08 12:29:19'),
(1718, 0, 112, 28, 45, 6, 1, 50, '2017-07-08 12:29:53'),
(1719, 0, 112, 28, 45, 0, 0, 0, '2017-07-08 12:29:53'),
(1720, 0, 112, 28, 45, 0, 0, 0, '2017-07-08 12:29:53'),
(1721, 0, 112, 28, 45, 0, 0, 0, '2017-07-08 12:29:53'),
(1722, 0, 27, 28, 50, 6, 1, 50, '2017-07-08 12:30:33'),
(1723, 0, 27, 28, 50, 0, 0, 0, '2017-07-08 12:30:33'),
(1724, 0, 27, 28, 50, 0, 0, 0, '2017-07-08 12:30:33'),
(1725, 0, 27, 28, 50, 0, 0, 0, '2017-07-08 12:30:33'),
(1726, 0, 28, 28, 50, 6, 1, 70, '2017-07-08 12:30:49'),
(1727, 0, 28, 28, 50, 0, 0, 0, '2017-07-08 12:30:49'),
(1728, 0, 28, 28, 50, 0, 0, 0, '2017-07-08 12:30:49'),
(1729, 0, 28, 28, 50, 0, 0, 0, '2017-07-08 12:30:49'),
(1730, 0, 134, 28, 50, 6, 1, 60, '2017-07-08 12:31:04'),
(1731, 0, 134, 28, 50, 0, 0, 0, '2017-07-08 12:31:04'),
(1732, 0, 134, 28, 50, 0, 0, 0, '2017-07-08 12:31:04'),
(1733, 0, 134, 28, 50, 0, 0, 0, '2017-07-08 12:31:04'),
(1734, 0, 135, 28, 50, 6, 1, 70, '2017-07-08 12:31:24'),
(1735, 0, 135, 28, 50, 0, 0, 0, '2017-07-08 12:31:24'),
(1736, 0, 135, 28, 50, 0, 0, 0, '2017-07-08 12:31:24'),
(1737, 0, 135, 28, 50, 0, 0, 0, '2017-07-08 12:31:24'),
(1738, 0, 136, 28, 50, 6, 1, 80, '2017-07-08 12:31:34'),
(1739, 0, 136, 28, 50, 0, 0, 0, '2017-07-08 12:31:34'),
(1740, 0, 136, 28, 50, 0, 0, 0, '2017-07-08 12:31:34'),
(1741, 0, 136, 28, 50, 0, 0, 0, '2017-07-08 12:31:34'),
(1742, 0, 137, 28, 50, 6, 1, 70, '2017-07-08 12:31:54'),
(1743, 0, 137, 28, 50, 0, 0, 0, '2017-07-08 12:31:54'),
(1744, 0, 137, 28, 50, 0, 0, 0, '2017-07-08 12:31:54'),
(1745, 0, 137, 28, 50, 0, 0, 0, '2017-07-08 12:31:54'),
(1746, 0, 138, 28, 50, 6, 1, 70, '2017-07-08 12:32:15'),
(1747, 0, 138, 28, 50, 0, 0, 0, '2017-07-08 12:32:15'),
(1748, 0, 138, 28, 50, 0, 0, 0, '2017-07-08 12:32:15'),
(1749, 0, 138, 28, 50, 0, 0, 0, '2017-07-08 12:32:15'),
(1754, 0, 139, 28, 50, 6, 1, 80, '2017-07-08 12:32:50'),
(1755, 0, 139, 28, 50, 0, 0, 0, '2017-07-08 12:32:50'),
(1756, 0, 139, 28, 50, 0, 0, 0, '2017-07-08 12:32:50'),
(1757, 0, 139, 28, 50, 0, 0, 0, '2017-07-08 12:32:50'),
(1758, 0, 140, 28, 50, 6, 1, 80, '2017-07-08 12:33:14'),
(1759, 0, 140, 28, 50, 0, 0, 0, '2017-07-08 12:33:15'),
(1760, 0, 140, 28, 50, 0, 0, 0, '2017-07-08 12:33:15'),
(1761, 0, 140, 28, 50, 0, 0, 0, '2017-07-08 12:33:15'),
(1762, 0, 141, 28, 50, 6, 1, 80, '2017-07-08 12:33:33'),
(1763, 0, 141, 28, 50, 0, 0, 0, '2017-07-08 12:33:33'),
(1764, 0, 141, 28, 50, 0, 0, 0, '2017-07-08 12:33:33'),
(1765, 0, 141, 28, 50, 0, 0, 0, '2017-07-08 12:33:33'),
(1766, 0, 143, 28, 50, 6, 1, 100, '2017-07-08 12:33:57'),
(1767, 0, 143, 28, 50, 0, 0, 0, '2017-07-08 12:33:57'),
(1768, 0, 143, 28, 50, 0, 0, 0, '2017-07-08 12:33:57'),
(1769, 0, 143, 28, 50, 0, 0, 0, '2017-07-08 12:33:57'),
(1770, 0, 144, 28, 50, 6, 1, 90, '2017-07-08 12:34:21'),
(1771, 0, 144, 28, 50, 0, 0, 0, '2017-07-08 12:34:21'),
(1772, 0, 144, 28, 50, 0, 0, 0, '2017-07-08 12:34:21'),
(1773, 0, 144, 28, 50, 0, 0, 0, '2017-07-08 12:34:21'),
(1774, 0, 145, 28, 50, 6, 1, 60, '2017-07-08 12:34:46'),
(1775, 0, 145, 28, 50, 0, 0, 0, '2017-07-08 12:34:46'),
(1776, 0, 145, 28, 50, 0, 0, 0, '2017-07-08 12:34:46'),
(1777, 0, 145, 28, 50, 0, 0, 0, '2017-07-08 12:34:46'),
(1778, 0, 146, 28, 50, 6, 1, 60, '2017-07-08 12:35:22'),
(1779, 0, 146, 28, 50, 0, 0, 0, '2017-07-08 12:35:22'),
(1780, 0, 146, 28, 50, 0, 0, 0, '2017-07-08 12:35:22'),
(1781, 0, 146, 28, 50, 0, 0, 0, '2017-07-08 12:35:22'),
(1782, 0, 147, 28, 50, 6, 1, 60, '2017-07-08 12:35:44'),
(1783, 0, 147, 28, 50, 0, 0, 0, '2017-07-08 12:35:44'),
(1784, 0, 147, 28, 50, 0, 0, 0, '2017-07-08 12:35:44'),
(1785, 0, 147, 28, 50, 0, 0, 0, '2017-07-08 12:35:44'),
(1786, 0, 148, 28, 50, 6, 1, 60, '2017-07-08 12:36:05'),
(1787, 0, 148, 28, 50, 0, 0, 0, '2017-07-08 12:36:05'),
(1788, 0, 148, 28, 50, 0, 0, 0, '2017-07-08 12:36:05'),
(1789, 0, 148, 28, 50, 0, 0, 0, '2017-07-08 12:36:05'),
(1790, 0, 149, 28, 50, 6, 1, 70, '2017-07-08 12:36:33'),
(1791, 0, 149, 28, 50, 0, 0, 0, '2017-07-08 12:36:33'),
(1792, 0, 149, 28, 50, 0, 0, 0, '2017-07-08 12:36:33'),
(1793, 0, 149, 28, 50, 0, 0, 0, '2017-07-08 12:36:33'),
(1794, 0, 151, 28, 50, 6, 1, 70, '2017-07-08 12:37:05'),
(1795, 0, 151, 28, 50, 0, 0, 0, '2017-07-08 12:37:05'),
(1796, 0, 151, 28, 50, 0, 0, 0, '2017-07-08 12:37:05'),
(1797, 0, 151, 28, 50, 0, 0, 0, '2017-07-08 12:37:05'),
(1798, 0, 150, 28, 50, 6, 1, 100, '2017-07-08 12:37:30'),
(1799, 0, 150, 28, 50, 0, 0, 0, '2017-07-08 12:37:30'),
(1800, 0, 150, 28, 50, 0, 0, 0, '2017-07-08 12:37:30'),
(1801, 0, 150, 28, 50, 0, 0, 0, '2017-07-08 12:37:30'),
(1810, 0, 21, 28, 48, 6, 1, 80, '2017-07-08 12:39:04'),
(1811, 0, 21, 28, 48, 0, 0, 0, '2017-07-08 12:39:04'),
(1812, 0, 21, 28, 48, 0, 0, 0, '2017-07-08 12:39:04'),
(1813, 0, 21, 28, 48, 0, 0, 0, '2017-07-08 12:39:04'),
(1814, 0, 22, 28, 48, 6, 1, 80, '2017-07-08 12:39:21'),
(1815, 0, 22, 28, 48, 0, 0, 0, '2017-07-08 12:39:21'),
(1816, 0, 22, 28, 48, 0, 0, 0, '2017-07-08 12:39:21'),
(1817, 0, 22, 28, 48, 0, 0, 0, '2017-07-08 12:39:21'),
(1818, 0, 122, 28, 48, 6, 1, 80, '2017-07-08 12:40:05'),
(1819, 0, 122, 28, 48, 0, 0, 0, '2017-07-08 12:40:05'),
(1820, 0, 122, 28, 48, 0, 0, 0, '2017-07-08 12:40:05'),
(1821, 0, 122, 28, 48, 0, 0, 0, '2017-07-08 12:40:05'),
(1822, 0, 123, 28, 48, 6, 1, 80, '2017-07-08 12:40:23'),
(1823, 0, 123, 28, 48, 0, 0, 0, '2017-07-08 12:40:23'),
(1824, 0, 123, 28, 48, 0, 0, 0, '2017-07-08 12:40:23'),
(1825, 0, 123, 28, 48, 0, 0, 0, '2017-07-08 12:40:23'),
(1826, 0, 124, 28, 48, 6, 1, 100, '2017-07-08 12:40:37'),
(1827, 0, 124, 28, 48, 0, 0, 0, '2017-07-08 12:40:37'),
(1828, 0, 124, 28, 48, 0, 0, 0, '2017-07-08 12:40:37'),
(1829, 0, 124, 28, 48, 0, 0, 0, '2017-07-08 12:40:37'),
(1830, 0, 125, 28, 48, 6, 1, 90, '2017-07-08 12:41:00'),
(1831, 0, 125, 28, 48, 0, 0, 0, '2017-07-08 12:41:00'),
(1832, 0, 125, 28, 48, 0, 0, 0, '2017-07-08 12:41:00'),
(1833, 0, 125, 28, 48, 0, 0, 0, '2017-07-08 12:41:00'),
(1834, 0, 126, 28, 48, 6, 1, 80, '2017-07-08 12:41:14'),
(1835, 0, 126, 28, 48, 0, 0, 0, '2017-07-08 12:41:14'),
(1836, 0, 126, 28, 48, 0, 0, 0, '2017-07-08 12:41:14'),
(1837, 0, 126, 28, 48, 0, 0, 0, '2017-07-08 12:41:14'),
(1838, 0, 25, 28, 51, 6, 1, 60, '2017-07-08 12:42:16'),
(1839, 0, 25, 28, 51, 0, 0, 0, '2017-07-08 12:42:16'),
(1840, 0, 25, 28, 51, 0, 0, 0, '2017-07-08 12:42:16'),
(1841, 0, 25, 28, 51, 0, 0, 0, '2017-07-08 12:42:16'),
(1842, 0, 26, 28, 51, 6, 1, 70, '2017-07-08 12:42:40'),
(1843, 0, 26, 28, 51, 0, 0, 0, '2017-07-08 12:42:40'),
(1844, 0, 26, 28, 51, 0, 0, 0, '2017-07-08 12:42:40'),
(1845, 0, 26, 28, 51, 0, 0, 0, '2017-07-08 12:42:40'),
(1846, 0, 131, 28, 51, 6, 1, 80, '2017-07-08 12:42:57'),
(1847, 0, 131, 28, 51, 0, 0, 0, '2017-07-08 12:42:57'),
(1848, 0, 131, 28, 51, 0, 0, 0, '2017-07-08 12:42:57'),
(1849, 0, 131, 28, 51, 0, 0, 0, '2017-07-08 12:42:57'),
(1850, 0, 132, 28, 51, 6, 1, 90, '2017-07-08 12:43:15'),
(1851, 0, 132, 28, 51, 0, 0, 0, '2017-07-08 12:43:15'),
(1852, 0, 132, 28, 51, 0, 0, 0, '2017-07-08 12:43:15'),
(1853, 0, 132, 28, 51, 0, 0, 0, '2017-07-08 12:43:15'),
(1854, 0, 133, 28, 51, 6, 1, 10, '2017-07-08 12:43:28'),
(1855, 0, 133, 28, 51, 0, 0, 0, '2017-07-08 12:43:28'),
(1856, 0, 133, 28, 51, 0, 0, 0, '2017-07-08 12:43:28'),
(1857, 0, 133, 28, 51, 0, 0, 0, '2017-07-08 12:43:28'),
(1910, 0, 165, 28, 39, 6, 1, 25, '2017-07-08 13:17:29'),
(1911, 0, 165, 28, 39, 0, 0, 0, '2017-07-08 13:17:29'),
(1912, 0, 165, 28, 39, 0, 0, 0, '2017-07-08 13:17:29'),
(1913, 0, 165, 28, 39, 0, 0, 0, '2017-07-08 13:17:29'),
(1930, 0, 59, 28, 54, 6, 1, 10, '2017-07-10 05:11:53'),
(1931, 0, 59, 28, 54, 0, 0, 0, '2017-07-10 05:11:53'),
(1932, 0, 59, 28, 54, 0, 0, 0, '2017-07-10 05:11:53'),
(1933, 0, 59, 28, 54, 0, 0, 0, '2017-07-10 05:11:53'),
(1934, 0, 58, 28, 54, 6, 1, 25, '2017-07-10 05:12:05'),
(1935, 0, 58, 28, 54, 0, 0, 0, '2017-07-10 05:12:05'),
(1936, 0, 58, 28, 54, 0, 0, 0, '2017-07-10 05:12:05'),
(1937, 0, 58, 28, 54, 0, 0, 0, '2017-07-10 05:12:05'),
(1938, 0, 57, 28, 54, 6, 1, 15, '2017-07-10 05:12:15'),
(1939, 0, 57, 28, 54, 0, 0, 0, '2017-07-10 05:12:15'),
(1940, 0, 57, 28, 54, 0, 0, 0, '2017-07-10 05:12:15'),
(1941, 0, 57, 28, 54, 0, 0, 0, '2017-07-10 05:12:15'),
(1942, 0, 54, 28, 55, 6, 1, 30, '2017-07-10 05:14:24'),
(1943, 0, 54, 28, 55, 0, 0, 0, '2017-07-10 05:14:24'),
(1944, 0, 54, 28, 55, 0, 0, 0, '2017-07-10 05:14:24'),
(1945, 0, 54, 28, 55, 0, 0, 0, '2017-07-10 05:14:24'),
(1946, 0, 55, 28, 55, 6, 1, 40, '2017-07-10 05:15:31'),
(1947, 0, 55, 28, 55, 0, 0, 0, '2017-07-10 05:15:31'),
(1948, 0, 55, 28, 55, 0, 0, 0, '2017-07-10 05:15:31'),
(1949, 0, 55, 28, 55, 0, 0, 0, '2017-07-10 05:15:31'),
(1950, 0, 56, 28, 55, 6, 1, 25, '2017-07-10 05:15:40'),
(1951, 0, 56, 28, 55, 0, 0, 0, '2017-07-10 05:15:40'),
(1952, 0, 56, 28, 55, 0, 0, 0, '2017-07-10 05:15:40'),
(1953, 0, 56, 28, 55, 0, 0, 0, '2017-07-10 05:15:40'),
(1954, 0, 114, 28, 48, 6, 1, 80, '2017-07-10 05:23:58'),
(1955, 0, 114, 28, 48, 0, 0, 0, '2017-07-10 05:23:58'),
(1956, 0, 114, 28, 48, 0, 0, 0, '2017-07-10 05:23:58'),
(1957, 0, 114, 28, 48, 0, 0, 0, '2017-07-10 05:23:58'),
(1958, 0, 113, 28, 48, 6, 1, 90, '2017-07-10 05:24:14'),
(1959, 0, 113, 28, 48, 0, 0, 0, '2017-07-10 05:24:14'),
(1960, 0, 113, 28, 48, 0, 0, 0, '2017-07-10 05:24:14'),
(1961, 0, 113, 28, 48, 0, 0, 0, '2017-07-10 05:24:14'),
(1962, 0, 169, 28, 52, 6, 1, 110, '2017-08-02 12:34:15'),
(1963, 0, 169, 28, 52, 0, 0, 0, '2017-08-02 12:34:15'),
(1964, 0, 169, 28, 52, 0, 0, 0, '2017-08-02 12:34:15'),
(1965, 0, 169, 28, 52, 0, 0, 0, '2017-08-02 12:34:15'),
(1966, 0, 168, 28, 52, 6, 1, 80, '2017-08-02 12:34:45'),
(1967, 0, 168, 28, 52, 0, 0, 0, '2017-08-02 12:34:45'),
(1968, 0, 168, 28, 52, 0, 0, 0, '2017-08-02 12:34:46'),
(1969, 0, 168, 28, 52, 0, 0, 0, '2017-08-02 12:34:46'),
(1970, 0, 167, 28, 52, 6, 1, 40, '2017-08-02 12:35:12'),
(1971, 0, 167, 28, 52, 0, 0, 0, '2017-08-02 12:35:12'),
(1972, 0, 167, 28, 52, 0, 0, 0, '2017-08-02 12:35:12'),
(1973, 0, 167, 28, 52, 0, 0, 0, '2017-08-02 12:35:12'),
(1974, 0, 166, 28, 52, 6, 1, 120, '2017-08-02 12:35:37'),
(1975, 0, 166, 28, 52, 0, 0, 0, '2017-08-02 12:35:38'),
(1976, 0, 166, 28, 52, 0, 0, 0, '2017-08-02 12:35:38'),
(1977, 0, 166, 28, 52, 0, 0, 0, '2017-08-02 12:35:38'),
(1978, 0, 164, 28, 38, 0, 0, 0, '2017-08-02 12:36:09'),
(1979, 0, 164, 28, 38, 3, 2, 150, '2017-08-02 12:36:09'),
(1980, 0, 164, 28, 38, 4, 2, 300, '2017-08-02 12:36:09'),
(1981, 0, 164, 28, 38, 5, 2, 580, '2017-08-02 12:36:09'),
(1982, 0, 163, 28, 38, 0, 0, 0, '2017-08-02 12:36:42'),
(1983, 0, 163, 28, 38, 3, 2, 140, '2017-08-02 12:36:42'),
(1984, 0, 163, 28, 38, 4, 2, 280, '2017-08-02 12:36:42'),
(1985, 0, 163, 28, 38, 5, 2, 530, '2017-08-02 12:36:42'),
(1986, 0, 162, 28, 53, 6, 1, 350, '2017-08-02 12:37:18'),
(1987, 0, 162, 28, 53, 0, 0, 0, '2017-08-02 12:37:18'),
(1988, 0, 162, 28, 53, 0, 0, 0, '2017-08-02 12:37:18'),
(1989, 0, 162, 28, 53, 0, 0, 0, '2017-08-02 12:37:18'),
(1990, 0, 161, 28, 53, 6, 1, 200, '2017-08-02 12:37:44'),
(1991, 0, 161, 28, 53, 0, 0, 0, '2017-08-02 12:37:44'),
(1992, 0, 161, 28, 53, 0, 0, 0, '2017-08-02 12:37:44'),
(1993, 0, 161, 28, 53, 0, 0, 0, '2017-08-02 12:37:44'),
(1994, 0, 160, 28, 53, 6, 1, 300, '2017-08-02 12:38:10'),
(1995, 0, 160, 28, 53, 0, 0, 0, '2017-08-02 12:38:10'),
(1996, 0, 160, 28, 53, 0, 0, 0, '2017-08-02 12:38:10'),
(1997, 0, 160, 28, 53, 0, 0, 0, '2017-08-02 12:38:10'),
(1998, 0, 159, 28, 53, 6, 1, 250, '2017-08-02 12:38:46'),
(1999, 0, 159, 28, 53, 0, 0, 0, '2017-08-02 12:38:46'),
(2000, 0, 159, 28, 53, 0, 0, 0, '2017-08-02 12:38:46'),
(2001, 0, 159, 28, 53, 0, 0, 0, '2017-08-02 12:38:46'),
(2002, 0, 158, 28, 53, 6, 1, 220, '2017-08-02 12:39:11'),
(2003, 0, 158, 28, 53, 0, 0, 0, '2017-08-02 12:39:11'),
(2004, 0, 158, 28, 53, 0, 0, 0, '2017-08-02 12:39:11'),
(2005, 0, 158, 28, 53, 0, 0, 0, '2017-08-02 12:39:11'),
(2006, 0, 157, 28, 50, 6, 1, 120, '2017-08-02 12:39:40'),
(2007, 0, 157, 28, 50, 0, 0, 0, '2017-08-02 12:39:40'),
(2008, 0, 157, 28, 50, 0, 0, 0, '2017-08-02 12:39:40'),
(2009, 0, 157, 28, 50, 0, 0, 0, '2017-08-02 12:39:40'),
(2010, 0, 156, 28, 50, 6, 1, 100, '2017-08-02 12:40:04'),
(2011, 0, 156, 28, 50, 0, 0, 0, '2017-08-02 12:40:04'),
(2012, 0, 156, 28, 50, 0, 0, 0, '2017-08-02 12:40:05'),
(2013, 0, 156, 28, 50, 0, 0, 0, '2017-08-02 12:40:05'),
(2014, 0, 155, 28, 50, 6, 1, 100, '2017-08-02 12:40:31'),
(2015, 0, 155, 28, 50, 0, 0, 0, '2017-08-02 12:40:31'),
(2016, 0, 155, 28, 50, 0, 0, 0, '2017-08-02 12:40:31'),
(2017, 0, 155, 28, 50, 0, 0, 0, '2017-08-02 12:40:31'),
(2018, 0, 154, 28, 50, 6, 1, 60, '2017-08-02 12:40:55'),
(2019, 0, 154, 28, 50, 0, 0, 0, '2017-08-02 12:40:55'),
(2020, 0, 154, 28, 50, 0, 0, 0, '2017-08-02 12:40:55'),
(2021, 0, 154, 28, 50, 0, 0, 0, '2017-08-02 12:40:55'),
(2022, 0, 153, 28, 50, 6, 1, 130, '2017-08-02 12:41:20'),
(2023, 0, 153, 28, 50, 0, 0, 0, '2017-08-02 12:41:20'),
(2024, 0, 153, 28, 50, 0, 0, 0, '2017-08-02 12:41:20'),
(2025, 0, 153, 28, 50, 0, 0, 0, '2017-08-02 12:41:20'),
(2026, 0, 152, 28, 50, 6, 1, 80, '2017-08-02 12:41:44'),
(2027, 0, 152, 28, 50, 0, 0, 0, '2017-08-02 12:41:44'),
(2028, 0, 152, 28, 50, 0, 0, 0, '2017-08-02 12:41:44'),
(2029, 0, 152, 28, 50, 0, 0, 0, '2017-08-02 12:41:44'),
(2030, 0, 171, 0, 37, 6, 0, 0, '2017-08-06 06:01:42'),
(2031, 0, 174, 0, 45, 3, 0, 0, '2017-08-06 06:07:34'),
(2032, 0, 174, 0, 45, 4, 0, 100, '2017-08-06 06:07:34'),
(2033, 0, 174, 0, 45, 5, 0, 200, '2017-08-06 06:07:34'),
(2045, 0, 175, 0, 45, 3, 0, 1, '2017-08-06 07:09:41'),
(2046, 0, 175, 0, 45, 4, 0, 2, '2017-08-06 07:09:41'),
(2047, 0, 175, 0, 45, 5, 0, 3, '2017-08-06 07:09:41'),
(2048, 0, 176, 0, 49, 6, 0, 250, '2017-08-06 07:13:35'),
(2049, 0, 176, 0, 49, 3, 0, 250, '2017-08-06 07:13:35'),
(2050, 0, 176, 0, 49, 4, 0, 500, '2017-08-06 07:13:35'),
(2051, 0, 176, 0, 49, 5, 0, 1000, '2017-08-06 07:13:35'),
(2054, 0, 17, 0, 45, 6, 0, 90.66, '2017-08-21 08:48:45');

-- --------------------------------------------------------

--
-- Table structure for table `rights`
--

CREATE TABLE IF NOT EXISTS `rights` (
  `rights_id` int(11) NOT NULL AUTO_INCREMENT,
  `user_id` int(20) NOT NULL,
  `rights` varchar(250) NOT NULL,
  `create_date` timestamp NOT NULL DEFAULT CURRENT_TIMESTAMP ON UPDATE CURRENT_TIMESTAMP,
  PRIMARY KEY (`rights_id`)
) ENGINE=InnoDB  DEFAULT CHARSET=latin1 AUTO_INCREMENT=271 ;

--
-- Dumping data for table `rights`
--

INSERT INTO `rights` (`rights_id`, `user_id`, `rights`, `create_date`) VALUES
(181, 3, 'customer/', '2017-08-19 06:18:29'),
(182, 3, 'customer/create', '2017-08-19 06:18:29'),
(183, 3, 'customer/edit', '2017-08-19 06:18:29'),
(184, 3, 'category/', '2017-08-19 06:18:30'),
(185, 3, 'category/create', '2017-08-19 06:18:30'),
(186, 3, 'category/edit', '2017-08-19 06:18:30'),
(187, 3, 'product_option/', '2017-08-19 06:18:30'),
(188, 3, 'product_option/create', '2017-08-19 06:18:30'),
(189, 3, 'product_option/edit', '2017-08-19 06:18:30'),
(190, 3, 'product/', '2017-08-19 06:18:30'),
(191, 3, 'product/create', '2017-08-19 06:18:30'),
(192, 3, 'product/edit', '2017-08-19 06:18:30'),
(193, 3, 'sales/', '2017-08-19 06:18:30'),
(194, 3, 'sales/create', '2017-08-19 06:18:30'),
(195, 3, 'sales/edit', '2017-08-19 06:18:30'),
(196, 3, 'sales/return_sales', '2017-08-19 06:18:30'),
(197, 3, 'sales/order_view', '2017-08-19 06:18:30'),
(198, 3, 'company/edit', '2017-08-19 06:18:30'),
(199, 7, 'customer/', '2017-08-22 06:36:01'),
(200, 7, 'customer/create', '2017-08-22 06:36:01'),
(201, 7, 'customer/edit', '2017-08-22 06:36:01'),
(202, 7, 'customer/delete', '2017-08-22 06:36:01'),
(203, 7, 'category/', '2017-08-22 06:36:01'),
(204, 7, 'category/create', '2017-08-22 06:36:01'),
(205, 7, 'category/edit', '2017-08-22 06:36:01'),
(206, 7, 'category/delete', '2017-08-22 06:36:01'),
(207, 7, 'product_option/', '2017-08-22 06:36:01'),
(208, 7, 'product_option/create', '2017-08-22 06:36:01'),
(209, 7, 'product_option/edit', '2017-08-22 06:36:01'),
(210, 7, 'product_option/delete', '2017-08-22 06:36:01'),
(211, 7, 'product/', '2017-08-22 06:36:01'),
(212, 7, 'product/create', '2017-08-22 06:36:01'),
(213, 7, 'product/edit', '2017-08-22 06:36:01'),
(214, 7, 'product/delete', '2017-08-22 06:36:01'),
(215, 7, 'sales/', '2017-08-22 06:36:01'),
(216, 7, 'sales/create', '2017-08-22 06:36:01'),
(217, 7, 'sales/edit', '2017-08-22 06:36:01'),
(218, 7, 'sales/delete', '2017-08-22 06:36:01'),
(219, 7, 'sales/return_sales', '2017-08-22 06:36:01'),
(220, 7, 'company/edit', '2017-08-22 06:36:01'),
(221, 7, 'report/', '2017-08-22 06:36:01'),
(222, 7, 'report/table', '2017-08-22 06:36:01'),
(223, 8, 'customer/', '2017-08-22 06:36:17'),
(224, 8, 'customer/create', '2017-08-22 06:36:17'),
(225, 8, 'customer/edit', '2017-08-22 06:36:17'),
(226, 8, 'customer/delete', '2017-08-22 06:36:17'),
(227, 8, 'category/', '2017-08-22 06:36:17'),
(228, 8, 'category/create', '2017-08-22 06:36:17'),
(229, 8, 'category/edit', '2017-08-22 06:36:17'),
(230, 8, 'category/delete', '2017-08-22 06:36:17'),
(231, 8, 'product_option/', '2017-08-22 06:36:17'),
(232, 8, 'product_option/create', '2017-08-22 06:36:17'),
(233, 8, 'product_option/edit', '2017-08-22 06:36:17'),
(234, 8, 'product_option/delete', '2017-08-22 06:36:17'),
(235, 8, 'product/', '2017-08-22 06:36:17'),
(236, 8, 'product/create', '2017-08-22 06:36:17'),
(237, 8, 'product/edit', '2017-08-22 06:36:17'),
(238, 8, 'product/delete', '2017-08-22 06:36:17'),
(239, 8, 'sales/', '2017-08-22 06:36:17'),
(240, 8, 'sales/create', '2017-08-22 06:36:17'),
(241, 8, 'sales/edit', '2017-08-22 06:36:17'),
(242, 8, 'sales/delete', '2017-08-22 06:36:17'),
(243, 8, 'sales/return_sales', '2017-08-22 06:36:17'),
(244, 8, 'company/edit', '2017-08-22 06:36:17'),
(245, 8, 'report/', '2017-08-22 06:36:17'),
(246, 8, 'report/table', '2017-08-22 06:36:17'),
(247, 9, 'customer/', '2017-08-22 06:36:43'),
(248, 9, 'customer/create', '2017-08-22 06:36:43'),
(249, 9, 'customer/edit', '2017-08-22 06:36:43'),
(250, 9, 'customer/delete', '2017-08-22 06:36:43'),
(251, 9, 'category/', '2017-08-22 06:36:43'),
(252, 9, 'category/create', '2017-08-22 06:36:43'),
(253, 9, 'category/edit', '2017-08-22 06:36:43'),
(254, 9, 'category/delete', '2017-08-22 06:36:43'),
(255, 9, 'product_option/', '2017-08-22 06:36:43'),
(256, 9, 'product_option/create', '2017-08-22 06:36:43'),
(257, 9, 'product_option/edit', '2017-08-22 06:36:43'),
(258, 9, 'product_option/delete', '2017-08-22 06:36:43'),
(259, 9, 'product/', '2017-08-22 06:36:43'),
(260, 9, 'product/create', '2017-08-22 06:36:43'),
(261, 9, 'product/edit', '2017-08-22 06:36:43'),
(262, 9, 'product/delete', '2017-08-22 06:36:43'),
(263, 9, 'sales/', '2017-08-22 06:36:43'),
(264, 9, 'sales/create', '2017-08-22 06:36:43'),
(265, 9, 'sales/edit', '2017-08-22 06:36:43'),
(266, 9, 'sales/delete', '2017-08-22 06:36:44'),
(267, 9, 'sales/return_sales', '2017-08-22 06:36:44'),
(268, 9, 'company/edit', '2017-08-22 06:36:44'),
(269, 9, 'report/', '2017-08-22 06:36:44'),
(270, 9, 'report/table', '2017-08-22 06:36:44');

-- --------------------------------------------------------

--
-- Table structure for table `sales`
--

CREATE TABLE IF NOT EXISTS `sales` (
  `purchase_id` int(11) NOT NULL AUTO_INCREMENT,
  `admin_id` int(15) NOT NULL,
  `table_id` int(12) NOT NULL,
  `purchase_no` varchar(250) NOT NULL,
  `purchase_party_name` varchar(250) NOT NULL,
  `purchase_cd` varchar(250) NOT NULL,
  `purchase_billno` int(11) NOT NULL,
  `return_p` varchar(3) NOT NULL DEFAULT 'no',
  `purchase_dt` date NOT NULL,
  `purchase_item_name` varchar(250) NOT NULL,
  `purchase_serial_no` varchar(255) NOT NULL,
  `purchase_batch_no` varchar(250) NOT NULL,
  `product_option_id` int(12) NOT NULL,
  `purchase_item_qty` int(11) NOT NULL,
  `purchase_item_kg` varchar(250) NOT NULL,
  `purchase_item_rate` float NOT NULL,
  `product_margin` int(3) NOT NULL,
  `purchase_total` float NOT NULL,
  `voucher_no` varchar(250) NOT NULL,
  `voucher_date` date NOT NULL,
  `vehicle_no` varchar(250) NOT NULL,
  `purchase_status` varchar(250) NOT NULL,
  `entry_date` date NOT NULL,
  `create_date` timestamp NOT NULL DEFAULT CURRENT_TIMESTAMP ON UPDATE CURRENT_TIMESTAMP,
  `active` varchar(3) NOT NULL,
  PRIMARY KEY (`purchase_id`)
) ENGINE=InnoDB  DEFAULT CHARSET=latin1 AUTO_INCREMENT=21 ;

--
-- Dumping data for table `sales`
--

INSERT INTO `sales` (`purchase_id`, `admin_id`, `table_id`, `purchase_no`, `purchase_party_name`, `purchase_cd`, `purchase_billno`, `return_p`, `purchase_dt`, `purchase_item_name`, `purchase_serial_no`, `purchase_batch_no`, `product_option_id`, `purchase_item_qty`, `purchase_item_kg`, `purchase_item_rate`, `product_margin`, `purchase_total`, `voucher_no`, `voucher_date`, `vehicle_no`, `purchase_status`, `entry_date`, `create_date`, `active`) VALUES
(1, 1, 7, '12312110082017', 'mehul', 'Cash', 29, 'no', '2017-08-10', 'Sweet Lassi', '29', '1', 1410, 2, 'Piece', 25, 0, 50, '', '0000-00-00', '', 'active', '2017-08-10', '2017-08-10 10:31:21', 'yes'),
(2, 1, 1, '12331910082017', 'bhavin', 'Cash', 30, 'yes', '2017-08-10', 'Sprite', '43', '1', 1378, 1, 'Piece', 25, 0, 25, '', '0000-00-00', '', 'active', '2017-08-10', '2017-08-10 11:35:33', 'yes'),
(3, 1, 3, '14410011082017', 'admin', 'Cash', 31, 'no', '2017-08-11', 'Thumbs Up drink', '45', '1', 1370, 1, 'Piece', 25, 0, 25, '', '0000-00-00', '', 'active', '2017-08-11', '2017-08-11 12:41:00', 'yes'),
(4, 1, 14, '14414911082017', 'mehul', 'Cash', 32, 'no', '2017-08-11', 'Thumbs Up drink', '45', '1', 1370, 1, 'Piece', 25, 0, 25, '', '0000-00-00', '', 'active', '2017-08-11', '2017-08-11 12:41:49', 'yes'),
(5, 1, 2, '14430111082017', 'admin', 'Cash', 33, 'no', '2017-08-11', 'Nargisi Kofta', '91', '1', 1579, 1, '250 GM', 130, 0, 130, '', '0000-00-00', '', 'active', '2017-08-11', '2017-08-11 12:43:01', 'yes'),
(6, 1, 2, '14431711082017', 'admin', 'Cash', 33, 'no', '2017-08-11', 'Nargisi Kofta', '91', '1', 1579, 1, '250 GM', 130, 0, 130, '', '0000-00-00', '', 'active', '2017-08-11', '2017-08-11 12:43:17', 'yes'),
(7, 1, 13, '07305021082017', 'admin', 'Cash', 33, 'no', '2017-08-21', 'Dal Makhani', '49', '1', 1587, 2, '250 GM', 90, 0, 180, '', '0000-00-00', '', 'active', '2017-08-21', '2017-08-21 05:30:50', 'yes'),
(8, 1, 11, '12322021082017', 'admin', 'Cash', 34, 'no', '2017-08-21', 'veg. Biryani', '92', '1', 2054, 1, 'Piece', 90.66, 0, 90.66, '', '0000-00-00', '', 'active', '2017-08-21', '2017-08-21 10:32:20', 'yes'),
(9, 1, 12, '13471821082017', 'admin', 'Cash', 35, 'no', '2017-08-21', 'veg. Biryani', '92', '1', 2054, 1, 'Piece', 90.66, 0, 90.66, '', '0000-00-00', '', 'active', '2017-08-21', '2017-08-21 11:47:18', 'yes'),
(10, 1, 12, '13471821082017', 'admin', 'Cash', 35, 'no', '2017-08-21', 'Kaju Masala', '1', '1', 1659, 1, '250 GM', 140, 0, 140, '', '0000-00-00', '', 'active', '2017-08-21', '2017-08-21 11:47:18', 'yes'),
(11, 1, 12, '13471821082017', 'admin', 'Cash', 35, 'no', '2017-08-21', 'veg. Biryani', '92', '1', 2054, 2, 'Piece', 90.66, 0, 181.32, '', '0000-00-00', '', 'active', '2017-08-21', '2017-08-21 11:47:18', 'yes'),
(12, 1, 1, '14231021082017', 'admin', 'Cash', 36, 'no', '2017-08-21', 'Kaju Masala', '1', '1', 1659, 1, '250 GM', 140, 0, 140, '', '0000-00-00', '', 'active', '2017-08-21', '2017-08-21 12:23:10', 'yes'),
(13, 1, 1, '14231021082017', 'admin', 'Cash', 36, 'no', '2017-08-21', 'Discount', '0', '0', 1659, 0, '-', 0, 0, -4.4, '', '0000-00-00', '', 'active', '2017-08-21', '2017-08-21 12:23:10', 'yes'),
(14, 1, 7, '11530722082017', 'admin', 'Cash', 37, 'no', '2017-08-22', 'Veg. Tawa Masala', '55', '1', 1511, 1, '250 GM', 120, 0, 120, '', '0000-00-00', '', 'active', '2017-08-22', '2017-08-22 09:53:07', 'yes'),
(15, 1, 7, '11530722082017', 'admin', 'Cash', 37, 'no', '2017-08-22', 'Discount', '0', '0', 1511, 0, '-', 0, 0, -6, '', '0000-00-00', '', 'active', '2017-08-22', '2017-08-22 09:53:07', 'yes'),
(16, 1, 2, '12061422082017', 'admin', 'Cash', 38, 'no', '2017-08-22', 'Salted Lassi', '30', '1', 370, 1, 'Piece', 20, 0, 20, '', '0000-00-00', '', 'active', '2017-08-22', '2017-08-22 10:06:14', 'yes'),
(17, 1, 6, '12065922082017', 'admin', 'Cash', 39, 'no', '2017-08-22', 'Hyderabadi Biryani', '93', '1', 1686, 1, 'Piece', 100, 0, 100, '', '0000-00-00', '', 'active', '2017-08-22', '2017-08-22 10:06:59', 'yes'),
(18, 1, 6, '12065922082017', 'admin', 'Cash', 39, 'no', '2017-08-22', 'veg. Tufani', '52', '1', 1499, 1, '250 GM', 120, 0, 120, '', '0000-00-00', '', 'active', '2017-08-22', '2017-08-22 10:06:59', 'yes'),
(19, 1, 6, '12065922082017', 'admin', 'Cash', 39, 'no', '2017-08-22', 'veg. Biryani', '92', '1', 2054, 1, 'Piece', 90.66, 0, 90.66, '', '0000-00-00', '', 'active', '2017-08-22', '2017-08-22 10:06:59', 'yes'),
(20, 1, 6, '12065922082017', 'admin', 'Cash', 39, 'no', '2017-08-22', 'Discount', '0', '0', 2054, 0, '-', 0, 0, -10.5, '', '0000-00-00', '', 'active', '2017-08-22', '2017-08-22 10:06:59', 'yes');

-- --------------------------------------------------------

--
-- Table structure for table `sales_grandtotal`
--

CREATE TABLE IF NOT EXISTS `sales_grandtotal` (
  `grand_id` int(11) NOT NULL AUTO_INCREMENT,
  `table_id` int(12) NOT NULL,
  `grand_order_no` varchar(250) NOT NULL,
  `grand_partynm` varchar(250) NOT NULL,
  `grand_sales_tax` float NOT NULL,
  `grand_sales_tax_value` varchar(250) NOT NULL,
  `grand_other_tax` float NOT NULL,
  `grand_other_tax_value` varchar(250) NOT NULL,
  `grand_other` float NOT NULL,
  `grand_other_value` varchar(250) NOT NULL,
  `grand_total` varchar(250) NOT NULL,
  `grand_status` varchar(250) NOT NULL,
  `create_date` timestamp NOT NULL DEFAULT CURRENT_TIMESTAMP ON UPDATE CURRENT_TIMESTAMP,
  PRIMARY KEY (`grand_id`)
) ENGINE=InnoDB  DEFAULT CHARSET=latin1 AUTO_INCREMENT=12 ;

--
-- Dumping data for table `sales_grandtotal`
--

INSERT INTO `sales_grandtotal` (`grand_id`, `table_id`, `grand_order_no`, `grand_partynm`, `grand_sales_tax`, `grand_sales_tax_value`, `grand_other_tax`, `grand_other_tax_value`, `grand_other`, `grand_other_value`, `grand_total`, `grand_status`, `create_date`) VALUES
(1, 7, '12312110082017', 'mehul', 0, '0', 0, '0', 0, '0', '50', 'yes', '2017-08-10 10:31:21'),
(2, 1, '12331910082017', 'bhavin', 0, '0', 0, '0', 0, '0', '25', 'yes', '2017-08-10 10:33:19'),
(3, 3, '14410011082017', 'admin', 0, '0', 0, '0', 0, '0', '25', 'yes', '2017-08-11 12:41:01'),
(4, 14, '14414911082017', 'mehul', 0, '0', 0, '0', 0, '0', '25', 'yes', '2017-08-11 12:41:50'),
(5, 13, '07305021082017', 'admin', 0, '0', 0, '0', 0, '0', '180', 'yes', '2017-08-21 05:30:51'),
(6, 11, '12322021082017', 'admin', 0, '0.00', 0, '0.00', 0, '0', '90.66', 'yes', '2017-08-21 10:32:21'),
(7, 12, '13471821082017', 'admin', 0, '0', 0, '0', 0, '0', '411.98', 'yes', '2017-08-21 11:47:19'),
(8, 1, '14231021082017', 'admin', 5, '7.00', 0, '0', 0, '0', '142.6', 'yes', '2017-08-21 12:23:11'),
(9, 7, '11530722082017', 'admin', 5, '6.00', 0, '0', 0, '0', '120', 'yes', '2017-08-22 09:53:09'),
(10, 2, '12061422082017', 'admin', 5, '28.75', 0, '0', 0, '0', '20', 'yes', '2017-08-22 10:06:15'),
(11, 6, '12065922082017', 'admin', 5, '4.53', 0, '0', 0, '0', '315.19', 'yes', '2017-08-22 10:07:00');

-- --------------------------------------------------------

--
-- Table structure for table `sales_tmp`
--

CREATE TABLE IF NOT EXISTS `sales_tmp` (
  `purchase_id` int(11) NOT NULL AUTO_INCREMENT,
  `table_id` int(12) NOT NULL,
  `admin_id` int(12) NOT NULL,
  `purchase_item_name` varchar(250) NOT NULL,
  `purchase_serial_no` varchar(255) NOT NULL,
  `product_option_id` int(12) NOT NULL,
  `purchase_item_qty` int(11) NOT NULL,
  `purchase_item_kg` varchar(250) NOT NULL,
  `purchase_item_rate` float NOT NULL,
  `purchase_total` int(25) NOT NULL,
  `create_date` timestamp NOT NULL DEFAULT CURRENT_TIMESTAMP ON UPDATE CURRENT_TIMESTAMP,
  PRIMARY KEY (`purchase_id`)
) ENGINE=InnoDB  DEFAULT CHARSET=latin1 AUTO_INCREMENT=15 ;

--
-- Dumping data for table `sales_tmp`
--

INSERT INTO `sales_tmp` (`purchase_id`, `table_id`, `admin_id`, `purchase_item_name`, `purchase_serial_no`, `product_option_id`, `purchase_item_qty`, `purchase_item_kg`, `purchase_item_rate`, `purchase_total`, `create_date`) VALUES
(6, 1, 1, '', '1', 1659, 1, '', 140, 140, '2017-08-22 10:05:45'),
(7, 1, 1, '', '29', 1410, 1, '', 25, 25, '2017-08-22 10:05:45'),
(8, 1, 1, '', '93', 1686, 1, '', 100, 100, '2017-08-22 10:05:45'),
(9, 14, 1, '', '98', 1706, 1, '', 110, 110, '2017-08-22 10:05:54'),
(10, 14, 1, '', '93', 1686, 1, '', 100, 100, '2017-08-22 10:05:54'),
(13, 17, 1, '', '45', 1370, 1, '', 25, 25, '2017-08-22 10:09:48'),
(14, 17, 1, '', '47', 1386, 1, '', 25, 25, '2017-08-22 10:09:48');

-- --------------------------------------------------------

--
-- Table structure for table `soft_customer`
--

CREATE TABLE IF NOT EXISTS `soft_customer` (
  `customer_id` int(11) NOT NULL AUTO_INCREMENT,
  `customer_first_name` varchar(100) DEFAULT NULL,
  `customer_last_name` varchar(100) DEFAULT NULL,
  `customer_email` varchar(100) DEFAULT NULL,
  `customer_password` varchar(500) DEFAULT NULL,
  `customer_birthdate` date DEFAULT '0000-00-00',
  `customer_gender` enum('Male','Female') DEFAULT 'Male',
  `customer_address` varchar(500) DEFAULT NULL,
  `customer_city` varchar(100) DEFAULT NULL,
  `customer_zipcode` char(10) DEFAULT NULL,
  `customer_phone` char(255) DEFAULT NULL,
  `customer_is_active` char(3) DEFAULT 'yes',
  `contact_person` varchar(250) NOT NULL,
  `contact_person_phone` varchar(250) NOT NULL,
  `customer_balance` varchar(250) NOT NULL,
  `create_date` timestamp NULL DEFAULT CURRENT_TIMESTAMP,
  `is_logged_in` char(1) NOT NULL DEFAULT '0' COMMENT '0=n,1=y',
  `login_date_time` datetime NOT NULL,
  `logout_date_time` datetime NOT NULL,
  PRIMARY KEY (`customer_id`)
) ENGINE=InnoDB  DEFAULT CHARSET=latin1 AUTO_INCREMENT=2 ;

--
-- Dumping data for table `soft_customer`
--

INSERT INTO `soft_customer` (`customer_id`, `customer_first_name`, `customer_last_name`, `customer_email`, `customer_password`, `customer_birthdate`, `customer_gender`, `customer_address`, `customer_city`, `customer_zipcode`, `customer_phone`, `customer_is_active`, `contact_person`, `contact_person_phone`, `customer_balance`, `create_date`, `is_logged_in`, `login_date_time`, `logout_date_time`) VALUES
(1, 'test', NULL, 'test@gmail.com', NULL, '0000-00-00', 'Male', 'test test', 'rajkot', '3600002', '9971245212', 'yes', 'test', 'test', '', '2017-07-19 10:44:38', '0', '2017-07-19 12:44:38', '2017-07-19 12:44:38');

-- --------------------------------------------------------

--
-- Table structure for table `users`
--

CREATE TABLE IF NOT EXISTS `users` (
  `user_id` int(11) NOT NULL AUTO_INCREMENT,
  `user_group_id` int(11) NOT NULL DEFAULT '0',
  `user_name` varchar(100) DEFAULT NULL,
  `outlate_name` varchar(255) NOT NULL,
  `password` varchar(50) DEFAULT NULL,
  `store_name` varchar(250) NOT NULL,
  `name` varchar(250) NOT NULL,
  `address` text NOT NULL,
  `city` varchar(250) NOT NULL,
  `state` varchar(250) NOT NULL,
  `country` varchar(250) NOT NULL,
  `zipcode` varchar(250) NOT NULL,
  `contactno` varchar(250) NOT NULL,
  `balance` varchar(250) NOT NULL,
  `user_active` enum('yes','no') NOT NULL DEFAULT 'yes',
  `create_date` timestamp NOT NULL DEFAULT CURRENT_TIMESTAMP,
  PRIMARY KEY (`user_id`)
) ENGINE=InnoDB  DEFAULT CHARSET=latin1 AUTO_INCREMENT=10 ;

--
-- Dumping data for table `users`
--

INSERT INTO `users` (`user_id`, `user_group_id`, `user_name`, `outlate_name`, `password`, `store_name`, `name`, `address`, `city`, `state`, `country`, `zipcode`, `contactno`, `balance`, `user_active`, `create_date`) VALUES
(1, 1, 'admin', '', 'YWRtaW4=', '', '', '', '', '', '', '', '', '', 'yes', '2017-08-11 05:47:28'),
(3, 2, 'mehul', '', 'bWVodWw=', '', '', '', '', '', '', '', '', '', 'yes', '2017-08-11 07:00:33'),
(5, 1, 'ahsfhaf', '', 'MTI=', '', '', '', '', '', '', '', '', '', 'yes', '2017-08-21 13:41:38'),
(6, 1, 'sf', '', 'NDU=', '', '', '', '', '', '', '', '', '', 'yes', '2017-08-21 13:41:52'),
(7, 1, 'CSRF_PoC', '', 'YWRtaW4=', '', '', '', '', '', '', '', '', '', 'yes', '2017-08-22 06:36:01'),
(8, 1, 'CSRF_PoC', '', 'YWRtaW4=', '', '', '', '', '', '', '', '', '', 'yes', '2017-08-22 06:36:16'),
(9, 1, 'CSRF_PoC', '', 'YWRtaW4=', '', '', '', '', '', '', '', '', '', 'yes', '2017-08-22 06:36:43');

-- --------------------------------------------------------

--
-- Table structure for table `users_group`
--

CREATE TABLE IF NOT EXISTS `users_group` (
  `user_group_id` int(11) NOT NULL AUTO_INCREMENT,
  `user_group_name` varchar(100) DEFAULT NULL,
  `user_group_active` char(3) NOT NULL DEFAULT 'yes',
  `create_date` timestamp NOT NULL DEFAULT CURRENT_TIMESTAMP,
  PRIMARY KEY (`user_group_id`)
) ENGINE=InnoDB  DEFAULT CHARSET=latin1 AUTO_INCREMENT=3 ;

--
-- Dumping data for table `users_group`
--

INSERT INTO `users_group` (`user_group_id`, `user_group_name`, `user_group_active`, `create_date`) VALUES
(1, 'Administrator', 'yes', '2017-06-20 13:22:10'),
(2, 'Sales', 'yes', '2017-07-27 08:52:38');

/*!40101 SET CHARACTER_SET_CLIENT=@OLD_CHARACTER_SET_CLIENT */;
/*!40101 SET CHARACTER_SET_RESULTS=@OLD_CHARACTER_SET_RESULTS */;
/*!40101 SET COLLATION_CONNECTION=@OLD_COLLATION_CONNECTION */;
